10207,"Уставный капитал кредитных организаций, созданных в форме акционерного общества",П,
10208,"Уставный капитал кредитных организаций, созданных в форме общества с ограниченной ответственностью",П,
10501,"Собственные акции, выкупленные у акционеров",А,
10502,"Собственные доли уставного капитала кредитной организации, созданной в форме общества с ограниченной ответственностью, выкупленные у участников",А,
10601,Прирост стоимости основных средств при переоценке,П,
10602,Эмиссионный доход,П,
10603,"Положительная переоценка ценных бумаг, оцениваемых по справедливой стоимости через прочий совокупный доход",П,
10605,"Отрицательная переоценка ценных бумаг, оцениваемых по справедливой стоимости через прочий совокупный доход",А,
10609,Увеличение добавочного капитала на отложенный налог на прибыль,П,
10610,Уменьшение добавочного капитала на отложенный налог на прибыль,А,
10611,Прирост стоимости нематериальных активов при переоценке,П,
10612,Уменьшение обязательств (увеличение требований) по выплате долгосрочных вознаграждений работникам по окончании трудовой деятельности при переоценке,П,
10613,Увеличение обязательств (уменьшение требований) по выплате долгосрочных вознаграждений работникам по окончании трудовой деятельности при переоценке,А,
10614,"Безвозмездное финансирование, предоставленное кредитной организации акционерами, участниками",П,
10619,Переоценка инструментов хеджирования потоков денежных средств - положительные разницы,П,
10620,Переоценка инструментов хеджирования потоков денежных средств - отрицательные разницы,А,
10621,Вклады в имущество общества,П,
10622,"Положительная переоценка долей участия, оцениваемых по справедливой стоимости через прочий совокупный доход",П,
10623,"Отрицательная переоценка долей участия, оцениваемых по справедливой стоимости через прочий совокупный доход",А,
10624,Переоценка инструментов хеджирования чистой инвестиции в иностранное подразделение - положительные разницы,П,
10625,Переоценка инструментов хеджирования чистой инвестиции в иностранное подразделение - отрицательные разницы,А,
10626,"Увеличение справедливой стоимости финансового обязательства, обусловленное изменением кредитного риска",А,введен:4555-У
10627,"Уменьшение справедливой стоимости финансового обязательства, обусловленное изменением кредитного риска",П,введен:4555-У
10628,"Положительная переоценка финансовых активов, оцениваемых по справедливой стоимости через прочий совокупный доход",П,введен:4555-У
10629,"Отрицательная переоценка финансовых активов, оцениваемых по справедливой стоимости через прочий совокупный доход",А,введен:4555-У
10630,Резервы на возможные потери,П,введен:4555-У
10631,Резервы на возможные потери,П,введен:4555-У
10632,Корректировка резервов на возможные потери,П,введен:5019-У
10633,Корректировка резервов на возможные потери,А,введен:5019-У
10634,Корректировка резервов на возможные потери,П,введен:5019-У
10635,Корректировка резервов на возможные потери,А,введен:5019-У
10701,Резервный фонд,П,
10801,Нераспределенная прибыль,П,
10901,Непокрытый убыток,А,
11101,Дивиденды (распределение части прибыли между участниками),А,
11401,"Изменения в капитале по операциям с субординированными кредитами (депозитами, займами, облигационными займами)",П,введен:6131-У
11402,"Изменения в капитале по операциям с субординированными кредитами (депозитами, займами, облигационными займами)",А,введен:6131-У
20202,Касса кредитных организаций,А,
20203,"Чеки (в том числе дорожные чеки), номинальная стоимость которых указана в иностранной валюте",А,
20208,Денежные средства в банкоматах и автоматических приемных устройствах,А,
20209,Денежные средства в пути,А,
20210,"Чеки (в том числе дорожные чеки), номинальная стоимость которых указана в иностранной валюте, в пути",А,
20302,Золото,А,
20303,Другие драгоценные металлы (кроме золота),А,
20305,Драгоценные металлы в пути,А,
20308,Драгоценные металлы в монетах и памятных медалях,А,
20309,Счета клиентов (кроме кредитных организаций) в драгоценных металлах,П,
20310,Счета клиентов-нерезидентов (кроме банков-нерезидентов) в драгоценных металлах,П,
20311,"Драгоценные металлы, предоставленные клиентам (кроме кредитных организаций)",А,
20312,"Драгоценные металлы, предоставленные клиентам-нерезидентам (кроме банков-нерезидентов)",А,
20313,Депозитные счета кредитных организаций в драгоценных металлах,П,
20314,Депозитные счета банков-нерезидентов в драгоценных металлах,П,
20315,Депозитные счета в драгоценных металлах в кредитных организациях,А,
20316,Депозитные счета в драгоценных металлах в банках-нерезидентах,А,
20317,Просроченная задолженность по операциям с драгоценными металлами,А,
20318,Просроченная задолженность по операциям с драгоценными металлами по нерезидентам,А,
20319,Просроченные проценты по операциям с драгоценными металлами,А,
20320,Просроченные проценты по операциям с драгоценными металлами по нерезидентам,А,
20321,Резервы на возможные потери,П,
20401,Природные драгоценные камни,А,
20402,"Природные драгоценные камни, переданные для реализации",А,
20403,Природные драгоценные камни в пути,А,
30102,Корреспондентские счета кредитных организаций в Банке России,А,
30104,Корреспондентские счета расчетных небанковских кредитных организаций,А,
30106,"Корреспондентские счета расчетных центров платежных систем, в рамках которых осуществляются переводы денежных средств по операциям Банка России",А,
30109,Корреспондентские счета кредитных организаций - корреспондентов,П,
30110,Корреспондентские счета в кредитных организациях - корреспондентах,А,
30111,Корреспондентские счета банков-нерезидентов,П,
30114,Корреспондентские счета в банках-нерезидентах,А,
30116,Корреспондентские счета кредитных организаций в драгоценных металлах,П,
30117,Корреспондентские счета банков-нерезидентов в драгоценных металлах,П,
30118,Корреспондентские счета в кредитных организациях в драгоценных металлах,А,
30119,Корреспондентские счета в банках-нерезидентах в драгоценных металлах,А,
30122,"Корреспондентские счета банков-нерезидентов в валюте Российской Федерации - счета типа ""К"" (конвертируемые)",П,
30123,"Корреспондентские счета банков-нерезидентов в валюте Российской Федерации - счета типа ""Н"" (неконвертируемые)",П,
30125,"Корреспондентские счета небанковских кредитных организаций, осуществляющих депозитные и кредитные операции",А,
30126,Резервы на возможные потери,П,
30128,Корректировка резервов на возможные потери,А,введен:4555-У
30129,Корректировка резервов на возможные потери,П,введен:4555-У
30130,"Корреспондентские счета кредитных организаций - корреспондентов типа ""С""",П,введен:6096-У
30131,"Корреспондентские счета в кредитных организациях - корреспондентах типа ""С""",А,введен:6096-У
30202,"Обязательные резервы кредитных организаций, депонированные в Банке России",А,
30204,Утратил силу с 1 июня 2019 года. - Указание Банка России от 28.02.2019 N 5087-У,,
30208,Накопительные счета кредитных организаций при выпуске акций,А,
30210,Счета кредитных организаций (филиалов) по кассовому обслуживанию структурных подразделений,А,
30211,"Средства, перечисленные в соответствии с резервными требованиями уполномоченных органов других стран",А,
30213,"Обеспечительный взнос оператора платежной системы, не являющейся национально значимой платежной системой",А,
30215,Взносы в гарантийный фонд платежной системы,А,
30218,Результаты платежного клиринга,-,
30219,Гарантийный фонд платежной системы,П,
30220,"Незавершенные переводы денежных средств, списанных с банковских счетов клиентов",П,
30221,Незавершенные переводы и расчеты кредитной организации,А,
30222,Незавершенные переводы и расчеты кредитной организации,П,
30223,Незавершенные переводы и расчеты по банковским счетам клиентов при осуществлении расчетов через подразделения Банка России,П,
30224,"Средства уполномоченных банков, депонируемые в Банке России",А,
30226,Резервы на возможные потери,П,
30227,"Средства клиентов, зарезервированные при осуществлении валютных операций",П,
30228,"Суммы резервирования при осуществлении валютных операций, перечисленные в Банк России",А,
30230,Специальные банковские счета банков-нерезидентов в валюте Российской Федерации,П,
30231,Счета банков-нерезидентов в валюте Российской Федерации,П,
30232,Незавершенные расчеты с операторами услуг платежной инфраструктуры и операторами по переводу денежных средств,П,
30233,Незавершенные расчеты с операторами услуг платежной инфраструктуры и операторами по переводу денежных средств,А,
30235,"Счета для кассового обслуживания кредитных организаций (филиалов), которое осуществляется не по месту открытия корреспондентских счетов (субсчетов)",А,
30236,"Незавершенные переводы, поступившие от платежных систем и на корреспондентские счета",П,
30238,Утратил силу с 1 июня 2019 года. - Указание Банка России от 28.02.2019 N 5087-У,,
30242,Корректировка резервов на возможные потери,А,введен:4555-У
30243,Корректировка резервов на возможные потери,П,введен:4555-У
30301,Внутрибанковские обязательства по переводам клиентов,П,
30302,Внутрибанковские требования по переводам клиентов,А,
30303,"Расчеты с филиалами, расположенными за границей",П,
30304,"Расчеты с филиалами, расположенными за границей",А,
30305,"Внутрибанковские обязательства по распределению (перераспределению) активов, обязательств, капитала",П,
30306,"Внутрибанковские требования по распределению (перераспределению) активов, обязательств, капитала",А,
30410,Резервы на возможные потери,П,
30411,Торговые банковские счета,П,
30412,Торговые банковские счета нерезидентов,П,
30413,Средства на торговых банковских счетах,А,
30414,"Клиринговые банковские счета для исполнения обязательств, индивидуального клирингового и иного обеспечения",П,
30415,Клиринговые банковские счета коллективного клирингового обеспечения (гарантийный фонд),П,
30416,"Средства на клиринговых банковских счетах для исполнения обязательств, индивидуального клирингового и иного обеспечения",А,
30417,"Средства на клиринговых банковских счетах для исполнения обязательств, индивидуального клирингового и иного обеспечения, открытых в Банке России",А,
30418,Средства на клиринговых банковских счетах коллективного клирингового обеспечения (гарантийный фонд),А,
30419,"Средства на клиринговых банковских счетах коллективного клирингового обеспечения (гарантийный фонд), открытых в Банке России",А,
30420,"Средства для исполнения обязательств, допущенных к клирингу, для индивидуального клирингового и иного обеспечения",П,
30421,"Средства нерезидентов для исполнения обязательств, допущенных к клирингу, для индивидуального клирингового и иного обеспечения",П,
30422,Средства для коллективного клирингового обеспечения (гарантийный фонд),П,
30423,Средства нерезидентов для коллективного клирингового обеспечения (гарантийный фонд),П,
30424,"Средства в клиринговых организациях, предназначенные для исполнения обязательств, допущенных к клирингу, индивидуального клирингового и иного обеспечения",А,
30425,"Средства в клиринговых организациях, предназначенные для коллективного клирингового обеспечения (гарантийный фонд)",А,
30426,Отражение результатов клиринга,-,
30427,"Средства коллективного клирингового обеспечения (гарантийный фонд), размещенные во вклады в кредитных организациях",А,
30428,Корректировка резервов на возможные потери,А,введен:4555-У
30429,Корректировка резервов на возможные потери,П,введен:4555-У
30430,"Торговые банковские счета нерезидентов типа ""С"" в валюте Российской Федерации",П,введен:6096-У
30431,"Клиринговые банковские счета типа ""С"" в валюте Российской Федерации",П,введен:6096-У
30601,Средства клиентов по брокерским операциям с финансовыми и другими активами,П,
30602,Расчеты кредитных организаций - доверителей (комитентов) по брокерским операциям с финансовыми и другими активами,А,
30603,Расчеты с эмитентами по обслуживанию выпусков ценных бумаг,П,
30604,Расчеты с Минфином России по ценным бумагам,П,
30606,Средства клиентов-нерезидентов по брокерским операциям с финансовыми и другими активами,П,
30607,Резервы на возможные потери,П,
30608,Корректировка резервов на возможные потери,А,введен:4555-У
30609,Корректировка резервов на возможные потери,П,введен:4555-У
30610,"Брокерские счета клиентов - нерезидентов типа ""С"" в валюте Российской Федерации",П,введен:6096-У
31201,кредиты на 1 день,П,
31202,кредиты на срок от 2 до 7 дней,П,
31203,кредиты на срок от 8 до 30 дней,П,
31204,кредиты на срок от 31 до 90 дней,П,
31205,кредиты на срок от 91 до 180 дней,П,
31206,кредиты на срок от 181 дня до 1 года,П,
31207,кредиты на срок свыше 1 года,П,
31210,кредиты до востребования,П,
31212,"кредиты, пролонгированные Банком России",П,
31213,депозиты до востребования,П,
31214,депозиты на 1 день,П,
31215,депозиты на срок от 2 до 7 дней,П,
31216,депозиты на срок от 8 до 30 дней,П,
31217,депозиты на срок от 31 до 90 дней,П,
31218,депозиты на срок от 91 до 180 дней,П,
31219,депозиты на срок от 181 дня до 1 года,П,
31220,депозиты на срок свыше 1 года до 3 лет,П,
31221,депозиты на срок свыше 3 лет,П,
31222,"депозит, полученный для компенсации убытков (расходов)",П,
31301,"Кредит, полученный при недостатке средств на корреспондентском счете (""овердрафт"")",П,
31302,на 1 день,П,
31303,на срок от 2 до 7 дней,П,
31304,на срок от 8 до 30 дней,П,
31305,на срок от 31 до 90 дней,П,
31306,на срок от 91 до 180 дней,П,
31307,на срок от 181 дня до 1 года,П,
31308,на срок от 1 года до 3 лет,П,
31309,на срок свыше 3 лет,П,
31310,до востребования,П,
31401,"Кредит, полученный в порядке расчетов по корреспондентскому счету (""овердрафт"")",П,
31402,на 1 день,П,
31403,на срок от 2 до 7 дней,П,
31404,на срок от 8 до 30 дней,П,
31405,на срок от 31 до 90 дней,П,
31406,на срок от 91 до 180 дней,П,
31407,на срок от 181 дня до 1 года,П,
31408,на срок от 1 года до 3 лет,П,
31409,на срок свыше 3 лет,П,
31410,до востребования,П,
31501,до востребования,П,
31502,на 1 день,П,
31503,на срок от 2 до 7 дней,П,
31504,на срок от 8 до 30 дней,П,
31505,на срок от 31 до 90 дней,П,
31506,на срок от 91 до 180 дней,П,
31507,на срок от 181 дня до 1 года,П,
31508,на срок от 1 года до 3 лет,П,
31509,на срок свыше 3 лет,П,
31601,до востребования,П,
31602,на 1 день,П,
31603,на срок от 2 до 7 дней,П,
31604,на срок от 8 до 30 дней,П,
31605,на срок от 31 до 90 дней,П,
31606,на срок от 91 до 180 дней,П,
31607,на срок от 181 дня до 1 года,П,
31608,на срок от 1 года до 3 лет,П,
31609,на срок свыше 3 лет,П,
31701,"по кредитам и депозитам, полученным от Банка России",П,
31702,"по межбанковским кредитам, депозитам и прочим привлеченным средствам, полученным от кредитных организаций",П,
31703,"по межбанковским кредитам, депозитам и прочим привлеченным средствам, полученным от банков-нерезидентов",П,
31704,"по прочим привлеченным средствам, полученным от Банка России",П,
31801,"по кредитам и депозитам, полученным от Банка России",П,
31802,"по межбанковским кредитам, депозитам и прочим привлеченным средствам, полученным от кредитных организаций",П,
31803,"по межбанковским кредитам, депозитам и прочим привлеченным средствам, полученным от банков-нерезидентов",П,
31804,"по прочим привлеченным средствам, полученным от Банка России",П,
31901,до востребования,А,
31902,на 1 день,А,
31903,на срок от 2 до 7 дней,А,
31904,на срок от 8 до 30 дней,А,
31905,на срок от 31 до 90 дней,А,
31906,на срок от 91 до 180 дней,А,
31907,на срок от 181 дня до 1 года,А,
31908,на срок от 1 года до 3 лет,А,
31909,на срок свыше 3 лет,А,
32001,"Кредит, предоставленный при недостатке средств на корреспондентском счете (""овердрафт"")",А,
32002,на 1 день,А,
32003,на срок от 2 до 7 дней,А,
32004,на срок от 8 до 30 дней,А,
32005,на срок от 31 до 90 дней,А,
32006,на срок от 91 до 180 дней,А,
32007,на срок от 181 дня до 1 года,А,
32008,на срок от 1 года до 3 лет,А,
32009,на срок свыше 3 лет,А,
32010,до востребования,А,
32015,Резервы на возможные потери,П,
32027,Корректировка резервов на возможные потери,А,введен:4555-У
32028,Корректировка резервов на возможные потери,П,введен:4555-У
32030,Приобретенные права требования по договорам на предоставление (размещение) денежных средств,А,введен:5460-У
32101,"Кредит, предоставленный при недостатке средств на корреспондентском счете (""овердрафт"")",А,
32102,на 1 день,А,
32103,на срок от 2 до 7 дней,А,
32104,на срок от 8 до 30 дней,А,
32105,на срок от 31 до 90 дней,А,
32106,на срок от 91 до 180 дней,А,
32107,на срок от 181 дня до 1 года,А,
32108,на срок от 1 года до 3 лет,А,
32109,на срок свыше 3 лет,А,
32110,до востребования,А,
32115,Резервы на возможные потери,П,
32116,Корректировка резервов на возможные потери,А,введен:4555-У
32117,Корректировка резервов на возможные потери,П,введен:4555-У
32130,Приобретенные права требования по договорам на предоставление (размещение) денежных средств,А,введен:5460-У
32201,до востребования,А,
32202,на 1 день,А,
32203,на срок от 2 до 7 дней,А,
32204,на срок от 8 до 30 дней,А,
32205,на срок от 31 до 90 дней,А,
32206,на срок от 91 до 180 дней,А,
32207,на срок от 181 дня до 1 года,А,
32208,на срок от 1 года до 3 лет,А,
32209,на срок свыше 3 лет,А,
32211,Резервы на возможные потери,П,
32212,Корректировка резервов на возможные потери,А,введен:4555-У
32213,Корректировка резервов на возможные потери,П,введен:4555-У
32230,Приобретенные права требования по договорам на предоставление (размещение) денежных средств,А,введен:5460-У
32301,до востребования,А,
32302,на 1 день,А,
32303,на срок от 2 до 7 дней,А,
32304,на срок от 8 до 30 дней,А,
32305,на срок от 31 до 90 дней,А,
32306,на срок от 91 до 180 дней,А,
32307,на срок от 181 дня до 1 года,А,
32308,на срок от 1 года до 3 лет,А,
32309,на срок свыше 3 лет,А,
32311,Резервы на возможные потери,П,
32312,Корректировка резервов на возможные потери,А,введен:4555-У
32313,Корректировка резервов на возможные потери,П,введен:4555-У
32330,Приобретенные права требования по договорам на предоставление (размещение) денежных средств,А,введен:5460-У
32401,"по межбанковским кредитам, депозитам и прочим размещенным средствам, предоставленным кредитным организациям",А,
32402,"по межбанковским кредитам, депозитам и прочим размещенным средствам, предоставленным банкам-нерезидентам",А,
32403,Резервы на возможные потери,П,
32407,Корректировка резервов на возможные потери,А,введен:4555-У
32408,Корректировка резервов на возможные потери,П,введен:4555-У
32501,"по межбанковским кредитам, депозитам и прочим размещенным средствам, предоставленным кредитным организациям",А,
32502,"по межбанковским кредитам, депозитам и прочим размещенным средствам, предоставленным банкам-нерезидентам",А,
32505,Резервы на возможные потери,П,
32507,Корректировка резервов на возможные потери,А,введен:4555-У
32508,Корректировка резервов на возможные потери,П,введен:4555-У
32901,"Прочие средства, полученные от Банка России",П,
32902,"Прочие средства, размещенные в Банке России",А,
40101,Утратил силу с 1 января 2022 года. - Указание Банка России от 19.08.2021 N 5892-У,,
40102,Единый казначейский счет,П,введен:5460-У
40105,Средства федерального бюджета,П,
40106,"Средства, выделенные из федерального бюджета",П,
40108,Источники финансирования отдельных государственных программ и мероприятий за счет средств федерального бюджета на возвратной основе,П,
40109,Финансирование отдельных государственных программ и мероприятий за счет средств федерального бюджета на возвратной основе,А,
40110,Средства Минфина России для финансирования капитальных вложений,П,
40111,Финансирование капитальных вложений за счет средств Минфина России,А,
40116,Средства для выдачи и внесения наличных денег и осуществления расчетов по отдельным операциям,П,
40201,Утратил силу с 1 января 2022 года. - Указание Банка России от 19.08.2021 N 5892-У,,
40202,"Средства, выделенные из бюджетов субъектов Российской Федерации",П,
40203,"Средства бюджетов субъектов Российской Федерации, выделенные негосударственным организациям",П,
40204,Средства местных бюджетов,П,
40205,"Средства местных бюджетов, выделенные государственным организациям",П,
40206,"Средства, выделенные из местных бюджетов",П,
40301,Средства избирательных комиссий (комиссий референдума),П,
40302,"Средства, поступающие во временное распоряжение",П,
40306,Средства Минфина России для расчетов по иностранным кредитам,П,
40307,"Кредиты, полученные от иностранных государств",П,
40308,"Кредиты, предоставленные иностранным государствам",А,
40312,Разные расчеты с Минфином России,П,
40401,Пенсионный фонд Российской Федерации,П,
40402,Фонд социального страхования Российской Федерации,П,
40403,Федеральный фонд обязательного медицинского страхования,П,
40404,Территориальные фонды обязательного медицинского страхования,П,
40406,Фонды социальной поддержки населения,П,
40410,Внебюджетные фонды органов исполнительной власти субъектов Российской Федерации и местного самоуправления,П,
40501,Финансовые организации,П,
40502,Коммерческие организации,П,
40503,Некоммерческие организации,П,
40504,Счета организаций федеральной почтовой связи по переводным операциям,П,
40506,"Отдельный счет головного исполнителя, исполнителя государственного оборонного заказа",П,
40601,Финансовые организации,П,
40602,Коммерческие организации,П,
40603,Некоммерческие организации,П,
40604,Специальный банковский счет регионального оператора,П,
40606,"Отдельный счет головного исполнителя, исполнителя государственного оборонного заказа",П,
40701,Финансовые организации,П,
40702,Коммерческие организации,П,
40703,Некоммерческие организации,П,
40704,Средства для проведения выборов и референдумов. Специальный избирательный счет,П,
40705,"Специальный банковский счет товариществ собственников жилья, жилищных кооперативов и иных специализированных потребительских кооперативов, управляющих организаций",П,
40706,"Отдельный счет головного исполнителя, исполнителя государственного оборонного заказа",П,
40707,"Специальные брокерские счета типа ""С""",П,введен:6096-У
40802,Индивидуальные предприниматели,П,
40803,"Физические лица - нерезиденты - счета типа ""И""",П,
40804,"Юридические лица и индивидуальные предприниматели - нерезиденты - счета типа ""Т""",П,
40805,"Юридические лица и индивидуальные предприниматели - нерезиденты - счета типа ""И""",П,
40806,"Юридические и физические лица - нерезиденты - счета типа ""С"" (конверсионные)",П,
40807,Юридические лица - нерезиденты,П,
40809,"Юридические и физические лица - нерезиденты - счета типа ""С"" (инвестиционные)",П,
40810,Физические лица - средства избирательных фондов,П,
40811,Средства для проведения выборов. Избирательный залог,П,
40812,"Юридические и физические лица - нерезиденты - счета типа ""С"" (проектные)",П,
40813,"Физические лица - нерезиденты - счета типа ""Ф""",П,
40814,"Юридические и физические лица - нерезиденты - счета типа ""К"" (конвертируемые)",П,
40815,"Юридические и физические лица - нерезиденты - счета типа ""Н"" (неконвертируемые)",П,
40817,Физические лица,П,
40818,Специальные банковские счета нерезидентов в валюте Российской Федерации,П,
40819,Специальные банковские счета резидентов в иностранной валюте,П,
40820,Счета физических лиц - нерезидентов,П,
40821,"Специальный банковский счет платежного агента, банковского платежного агента (субагента), поставщика",П,
40822,Счет для идентификации платежа,П,
40823,"Номинальные счета опекунов или попечителей, бенефициарами по которым являются подопечные",П,
40824,"Счета эскроу физических лиц, физических лиц - нерезидентов (депонентов) по договорам участия в долевом строительстве",П,
40825,Отдельный счет исполнителя государственного оборонного заказа,П,
40826,"Счета эскроу физических лиц, физических лиц - нерезидентов (депонентов) по сделкам купли-продажи недвижимого имущества",П,введен:4965-У
40827,"Банковские счета типа ""С"" клиентов - нерезидентов (юридических лиц, физических лиц, банков-нерезидентов) в валюте Российской Федерации",П,введен:6096-У
40901,Обязательства по аккредитивам,П,
40902,Обязательства по аккредитивам с нерезидентами,П,
40903,Средства для расчетов чеками и осуществления переводов (возврата остатков) электронных денежных средств,П,
40905,Невыплаченные переводы,П,
40906,Инкассированные наличные деньги,П,
40907,Расчеты по зачетам,П,
40908,Расчеты по зачетам,А,
40909,Невыплаченные трансграничные переводы денежных средств,П,
40910,Невыплаченные трансграничные переводы денежных средств нерезидентам,П,
40911,Расчеты по переводам денежных средств,П,
40912,Принятые наличные денежные средства для осуществления трансграничного перевода,П,
40913,Принятые наличные денежные средства для осуществления трансграничного перевода от нерезидентов,П,
40914,Средства для осуществления переводов (возврата остатков) электронных денежных средств физических лиц,П,введен:5019-У
40915,"Средства для осуществления переводов (возврата остатков) электронных денежных средств юридических лиц, индивидуальных предпринимателей",П,введен:5019-У
41001,до востребования,П,
41002,на срок до 30 дней,П,
41003,на срок от 31 до 90 дней,П,
41004,на срок от 91 до 180 дней,П,
41005,на срок от 181 дня до 1 года,П,
41006,на срок от 1 года до 3 лет,П,
41007,на срок свыше 3 лет,П,
41101,до востребования,П,
41102,на срок до 30 дней,П,
41103,на срок от 31 до 90 дней,П,
41104,на срок от 91 до 180 дней,П,
41105,на срок от 181 дня до 1 года,П,
41106,на срок от 1 года до 3 лет,П,
41107,на срок свыше 3 лет,П,
41201,до востребования,П,
41202,на срок до 30 дней,П,
41203,на срок от 31 до 90 дней,П,
41204,на срок от 91 до 180 дней,П,
41205,на срок от 181 дня до 1 года,П,
41206,на срок от 1 года до 3 лет,П,
41207,на срок свыше 3 лет,П,
41301,до востребования,П,
41302,на срок до 30 дней,П,
41303,на срок от 31 до 90 дней,П,
41304,на срок от 91 до 180 дней,П,
41305,на срок от 181 дня до 1 года,П,
41306,на срок от 1 года до 3 лет,П,
41307,на срок свыше 3 лет,П,
41401,до востребования,П,
41402,на срок до 30 дней,П,
41403,на срок от 31 до 90 дней,П,
41404,на срок от 91 до 180 дней,П,
41405,на срок от 181 дня до 1 года,П,
41406,на срок от 1 года до 3 лет,П,
41407,на срок свыше 3 лет,П,
41501,до востребования,П,
41502,на срок до 30 дней,П,
41503,на срок от 31 до 90 дней,П,
41504,на срок от 91 до 180 дней,П,
41505,на срок от 181 дня до 1 года,П,
41506,на срок от 1 года до 3 лет,П,
41507,на срок свыше 3 лет,П,
41601,до востребования,П,
41602,на срок до 30 дней,П,
41603,на срок от 31 до 90 дней,П,
41604,на срок от 91 до 180 дней,П,
41605,на срок от 181 дня до 1 года,П,
41606,на срок от 1 года до 3 лет,П,
41607,на срок свыше 3 лет,П,
41701,до востребования,П,
41702,на срок до 30 дней,П,
41703,на срок от 31 до 90 дней,П,
41704,на срок от 91 до 180 дней,П,
41705,на срок от 181 дня до 1 года,П,
41706,на срок от 1 года до 3 лет,П,
41707,на срок свыше 3 лет,П,
41801,до востребования,П,
41802,на срок до 30 дней,П,
41803,на срок от 31 до 90 дней,П,
41804,на срок от 91 до 180 дней,П,
41805,на срок от 181 дня до 1 года,П,
41806,на срок от 1 года до 3 лет,П,
41807,на срок свыше 3 лет,П,
41901,до востребования,П,
41902,на срок до 30 дней,П,
41903,на срок от 31 до 90 дней,П,
41904,на срок от 91 до 180 дней,П,
41905,на срок от 181 дня до 1 года,П,
41906,на срок от 1 года до 3 лет,П,
41907,на срок свыше 3 лет,П,
42001,до востребования,П,
42002,на срок до 30 дней,П,
42003,на срок от 31 до 90 дней,П,
42004,на срок от 91 до 180 дней,П,
42005,на срок от 181 дня до 1 года,П,
42006,на срок от 1 года до 3 лет,П,
42007,на срок свыше 3 лет,П,
42101,депозиты негосударственных коммерческих организаций до востребования,П,
42102,депозиты негосударственных коммерческих организаций на срок до 30 дней,П,
42103,депозиты негосударственных коммерческих организаций на срок от 31 до 90 дней,П,
42104,депозиты негосударственных коммерческих организаций на срок от 91 до 180 дней,П,
42105,депозиты негосударственных коммерческих организаций на срок от 181 дня до 1 года,П,
42106,депозиты негосударственных коммерческих организаций на срок от 1 года до 3 лет,П,
42107,депозиты негосударственных коммерческих организаций на срок свыше 3 лет,П,
42108,депозиты индивидуальных предпринимателей до востребования,П,
42109,депозиты индивидуальных предпринимателей на срок до 30 дней,П,
42110,депозиты индивидуальных предпринимателей на срок от 31 до 90 дней,П,
42111,депозиты индивидуальных предпринимателей на срок от 91 до 180 дней,П,
42112,депозиты индивидуальных предпринимателей на срок от 181 дня до 1 года,П,
42113,депозиты индивидуальных предпринимателей на срок от 1 года до 3 лет,П,
42114,депозиты индивидуальных предпринимателей на срок свыше 3 лет,П,
42201,до востребования,П,
42202,на срок до 30 дней,П,
42203,на срок от 31 до 90 дней,П,
42204,на срок от 91 до 180 дней,П,
42205,на срок от 181 дня до 1 года,П,
42206,на срок от 1 года до 3 лет,П,
42207,на срок свыше 3 лет,П,
42301,Депозиты до востребования,П,
42302,Депозиты на срок до 30 дней,П,
42303,Депозиты на срок от 31 до 90 дней,П,
42304,Депозиты на срок от 91 до 180 дней,П,
42305,Депозиты на срок от 181 дня до 1 года,П,
42306,Депозиты на срок от 1 года до 3 лет,П,
42307,Депозиты на срок свыше 3 лет,П,
42309,Прочие привлеченные средства до востребования,П,
42310,Прочие привлеченные средства на срок до 30 дней,П,
42311,Прочие привлеченные средства на срок от 31 до 90 дней,П,
42312,Прочие привлеченные средства на срок от 91 до 180 дней,П,
42313,Прочие привлеченные средства на срок от 181 дня до 1 года,П,
42314,Прочие привлеченные средства на срок от 1 года до 3 лет,П,
42315,Прочие привлеченные средства на срок свыше 3 лет,П,
42501,до востребования,П,
42502,на срок до 30 дней,П,
42503,на срок от 31 до 90 дней,П,
42504,на срок от 91 до 180 дней,П,
42505,на срок от 181 дня до 1 года,П,
42506,на срок от 1 года до 3 лет,П,
42507,на срок свыше 3 лет,П,
42601,Депозиты до востребования,П,
42602,Депозиты на срок до 30 дней,П,
42603,Депозиты на срок от 31 до 90 дней,П,
42604,Депозиты на срок от 91 до 180 дней,П,
42605,Депозиты на срок от 181 дня до 1 года,П,
42606,Депозиты на срок от 1 года до 3 лет,П,
42607,Депозиты на срок свыше 3 лет,П,
42609,Прочие привлеченные средства до востребования,П,
42610,Прочие привлеченные средства на срок до 30 дней,П,
42611,Прочие привлеченные средства на срок от 31 до 90 дней,П,
42612,Прочие привлеченные средства на срок от 91 до 180 дней,П,
42613,Прочие привлеченные средства на срок от 181 дня до 1 года,П,
42614,Прочие привлеченные средства на срок от 1 года до 3 лет,П,
42615,Прочие привлеченные средства на срок свыше 3 лет,П,
42701,до востребования,П,
42702,на срок до 30 дней,П,
42703,на срок от 31 до 90 дней,П,
42704,на срок от 91 до 180 дней,П,
42705,на срок от 181 дня до 1 года,П,
42706,на срок от 1 года до 3 лет,П,
42707,на срок свыше 3 лет,П,
42801,до востребования,П,
42802,на срок до 30 дней,П,
42803,на срок от 31 до 90 дней,П,
42804,на срок от 91 до 180 дней,П,
42805,на срок от 181 дня до 1 года,П,
42806,на срок от 1 года до 3 лет,П,
42807,на срок свыше 3 лет,П,
42901,до востребования,П,
42902,на срок до 30 дней,П,
42903,на срок от 31 до 90 дней,П,
42904,на срок от 91 до 180 дней,П,
42905,на срок от 181 дня до 1 года,П,
42906,на срок от 1 года до 3 лет,П,
42907,на срок свыше 3 лет,П,
43001,до востребования,П,
43002,на срок до 30 дней,П,
43003,на срок от 31 до 90 дней,П,
43004,на срок от 91 до 180 дней,П,
43005,на срок от 181 дня до 1 года,П,
43006,на срок от 1 года до 3 лет,П,
43007,на срок свыше 3 лет,П,
43101,до востребования,П,
43102,на срок до 30 дней,П,
43103,на срок от 31 до 90 дней,П,
43104,на срок от 91 до 180 дней,П,
43105,на срок от 181 дня до 1 года,П,
43106,на срок от 1 года до 3 лет,П,
43107,на срок свыше 3 лет,П,
43201,до востребования,П,
43202,на срок до 30 дней,П,
43203,на срок от 31 до 90 дней,П,
43204,на срок от 91 до 180 дней,П,
43205,на срок от 181 дня до 1 года,П,
43206,на срок от 1 года до 3 лет,П,
43207,на срок свыше 3 лет,П,
43301,до востребования,П,
43302,на срок до 30 дней,П,
43303,на срок от 31 до 90 дней,П,
43304,на срок от 91 до 180 дней,П,
43305,на срок от 181 дня до 1 года,П,
43306,на срок от 1 года до 3 лет,П,
43307,на срок свыше 3 лет,П,
43401,до востребования,П,
43402,на срок до 30 дней,П,
43403,на срок от 31 до 90 дней,П,
43404,на срок от 91 до 180 дней,П,
43405,на срок от 181 дня до 1 года,П,
43406,на срок от 1 года до 3 лет,П,
43407,на срок свыше 3 лет,П,
43501,до востребования,П,
43502,на срок до 30 дней,П,
43503,на срок от 31 до 90 дней,П,
43504,на срок от 91 до 180 дней,П,
43505,на срок от 181 дня до 1 года,П,
43506,на срок от 1 года до 3 лет,П,
43507,на срок свыше 3 лет,П,
43601,до востребования,П,
43602,на срок до 30 дней,П,
43603,на срок от 31 до 90 дней,П,
43604,на срок от 91 до 180 дней,П,
43605,на срок от 181 дня до 1 года,П,
43606,на срок от 1 года до 3 лет,П,
43607,на срок свыше 3 лет,П,
43701,до востребования,П,
43702,на срок до 30 дней,П,
43703,на срок от 31 до 90 дней,П,
43704,на срок от 91 до 180 дней,П,
43705,на срок от 181 дня до 1 года,П,
43706,на срок от 1 года до 3 лет,П,
43707,на срок свыше 3 лет,П,
43801,до востребования,П,
43802,на срок до 30 дней,П,
43803,на срок от 31 до 90 дней,П,
43804,на срок от 91 до 180 дней,П,
43805,на срок от 181 дня до 1 года,П,
43806,на срок от 1 года до 3 лет,П,
43807,на срок свыше 3 лет,П,
43901,до востребования,П,
43902,на срок до 30 дней,П,
43903,на срок от 31 до 90 дней,П,
43904,на срок от 91 до 180 дней,П,
43905,на срок от 181 дня до 1 года,П,
43906,на срок от 1 года до 3 лет,П,
43907,на срок свыше 3 лет,П,
44001,до востребования,П,
44002,на срок до 30 дней,П,
44003,на срок от 31 до 90 дней,П,
44004,на срок от 91 до 180 дней,П,
44005,на срок от 181 дня до 1 года,П,
44006,на срок от 1 года до 3 лет,П,
44007,на срок свыше 3 лет,П,
44101,на 1 день,А,
44102,на срок от 2 до 7 дней,А,
44103,на срок от 8 до 30 дней,А,
44104,на срок от 31 до 90 дней,А,
44105,на срок от 91 до 180 дней,А,
44106,на срок от 181 дня до 1 года,А,
44107,на срок от 1 года до 3 лет,А,
44108,на срок свыше 3 лет,А,
44109,до востребования,А,
44111,Приобретенные права требования по договорам на предоставление (размещение) денежных средств,А,введен:5460-У
44115,Резервы на возможные потери,П,
44116,Корректировка резервов на возможные потери,А,введен:4555-У
44117,Корректировка резервов на возможные потери,П,введен:4555-У
44201,"Кредит, предоставленный при недостатке средств на расчетном (текущем) счете (""овердрафт"")",А,
44202,на 1 день,А,
44203,на срок от 2 до 7 дней,А,
44204,на срок от 8 до 30 дней,А,
44205,на срок от 31 до 90 дней,А,
44206,на срок от 91 до 180 дней,А,
44207,на срок от 181 дня до 1 года,А,
44208,на срок от 1 года до 3 лет,А,
44209,на срок свыше 3 лет,А,
44210,до востребования,А,
44211,Приобретенные права требования по договорам на предоставление (размещение) денежных средств,А,введен:5460-У
44215,Резервы на возможные потери,П,
44216,Корректировка резервов на возможные потери,А,введен:4555-У
44217,Корректировка резервов на возможные потери,П,введен:4555-У
44301,"Кредит, предоставленный при недостатке средств на расчетном (текущем) счете (""овердрафт"")",А,
44302,на 1 день,А,
44303,на срок от 2 до 7 дней,А,
44304,на срок от 8 до 30 дней,А,
44305,на срок от 31 до 90 дней,А,
44306,на срок от 91 до 180 дней,А,
44307,на срок от 181 дня до 1 года,А,
44308,на срок от 1 года до 3 лет,А,
44309,на срок свыше 3 лет,А,
44310,до востребования,А,
44311,Приобретенные права требования по договорам на предоставление (размещение) денежных средств,А,введен:5460-У
44315,Резервы на возможные потери,П,
44316,Корректировка резервов на возможные потери,А,введен:4555-У
44317,Корректировка резервов на возможные потери,П,введен:4555-У
44401,"Кредит, предоставленный при недостатке средств на расчетном (текущем) счете (""овердрафт"")",А,
44402,на 1 день,А,
44403,на срок от 2 до 7 дней,А,
44404,на срок от 8 до 30 дней,А,
44405,на срок от 31 до 90 дней,А,
44406,на срок от 91 до 180 дней,А,
44407,на срок от 181 дня до 1 года,А,
44408,на срок от 1 года до 3 лет,А,
44409,на срок свыше 3 лет,А,
44410,до востребования,А,
44411,Приобретенные права требования по договорам на предоставление (размещение) денежных средств,А,введен:5460-У
44415,Резервы на возможные потери,П,
44416,Корректировка резервов на возможные потери,А,введен:4555-У
44417,Корректировка резервов на возможные потери,П,введен:4555-У
44501,"Кредит, предоставленный при недостатке средств на расчетном (текущем) счете (""овердрафт"")",А,
44503,на срок до 30 дней,А,
44504,на срок от 31 до 90 дней,А,
44505,на срок от 91 до 180 дней,А,
44506,на срок от 181 дня до 1 года,А,
44507,на срок от 1 года до 3 лет,А,
44508,на срок свыше 3 лет,А,
44509,до востребования,А,
44511,Приобретенные права требования по договорам на предоставление (размещение) денежных средств,А,введен:5460-У
44515,Резервы на возможные потери,П,
44516,Корректировка резервов на возможные потери,А,введен:4555-У
44517,Корректировка резервов на возможные потери,П,введен:4555-У
44601,"Кредит, предоставленный при недостатке средств на расчетном (текущем) счете (""овердрафт"")",А,
44603,на срок до 30 дней,А,
44604,на срок от 31 до 90 дней,А,
44605,на срок от 91 до 180 дней,А,
44606,на срок от 181 дня до 1 года,А,
44607,на срок от 1 года до 3 лет,А,
44608,на срок свыше 3 лет,А,
44609,до востребования,А,
44611,Приобретенные права требования по договорам на предоставление (размещение) денежных средств,А,введен:5460-У
44615,Резервы на возможные потери,П,
44616,Корректировка резервов на возможные потери,А,введен:4555-У
44617,Корректировка резервов на возможные потери,П,введен:4555-У
44701,"Кредит, предоставленный при недостатке средств на расчетном (текущем) счете (""овердрафт"")",А,
44703,на срок до 30 дней,А,
44704,на срок от 31 до 90 дней,А,
44705,на срок от 91 до 180 дней,А,
44706,на срок от 181 дня до 1 года,А,
44707,на срок от 1 года до 3 лет,А,
44708,на срок свыше 3 лет,А,
44709,до востребования,А,
44711,Приобретенные права требования по договорам на предоставление (размещение) денежных средств,А,введен:5460-У
44715,Резервы на возможные потери,П,
44716,Корректировка резервов на возможные потери,А,введен:4555-У
44717,Корректировка резервов на возможные потери,П,введен:4555-У
44801,"Кредит, предоставленный при недостатке средств на расчетном (текущем) счете (""овердрафт"")",А,
44803,на срок до 30 дней,А,
44804,на срок от 31 до 90 дней,А,
44805,на срок от 91 до 180 дней,А,
44806,на срок от 181 дня до 1 года,А,
44807,на срок от 1 года до 3 лет,А,
44808,на срок свыше 3 лет,А,
44809,до востребования,А,
44811,Приобретенные права требования по договорам на предоставление (размещение) денежных средств,А,введен:5460-У
44815,Резервы на возможные потери,П,
44816,Корректировка резервов на возможные потери,А,введен:4555-У
44817,Корректировка резервов на возможные потери,П,введен:4555-У
44901,"Кредит, предоставленный при недостатке средств на расчетном (текущем) счете (""овердрафт"")",А,
44903,на срок до 30 дней,А,
44904,на срок от 31 до 90 дней,А,
44905,на срок от 91 до 180 дней,А,
44906,на срок от 181 дня до 1 года,А,
44907,на срок от 1 года до 3 лет,А,
44908,на срок свыше 3 лет,А,
44909,до востребования,А,
44911,Приобретенные права требования по договорам на предоставление (размещение) денежных средств,А,введен:5460-У
44915,Резервы на возможные потери,П,
44916,Корректировка резервов на возможные потери,А,введен:4555-У
44917,Корректировка резервов на возможные потери,П,введен:4555-У
45001,"Кредит, предоставленный при недостатке средств на расчетном (текущем) счете (""овердрафт"")",А,
45003,на срок до 30 дней,А,
45004,на срок от 31 до 90 дней,А,
45005,на срок от 91 до 180 дней,А,
45006,на срок от 181 дня до 1 года,А,
45007,на срок от 1 года до 3 лет,А,
45008,на срок свыше 3 лет,А,
45009,до востребования,А,
45011,Приобретенные права требования по договорам на предоставление (размещение) денежных средств,А,введен:5460-У
45015,Резервы на возможные потери,П,
45016,Корректировка резервов на возможные потери,А,введен:4555-У
45017,Корректировка резервов на возможные потери,П,введен:4555-У
45101,"Кредит, предоставленный при недостатке средств на расчетном (текущем) счете (""овердрафт"")",А,
45103,на срок до 30 дней,А,
45104,на срок от 31 до 90 дней,А,
45105,на срок от 91 до 180 дней,А,
45106,на срок от 181 дня до 1 года,А,
45107,на срок от 1 года до 3 лет,А,
45108,на срок свыше 3 лет,А,
45109,до востребования,А,
45111,Приобретенные права требования по договорам на предоставление (размещение) денежных средств,А,введен:5460-У
45115,Резервы на возможные потери,П,
45116,Корректировка резервов на возможные потери,А,введен:4555-У
45117,Корректировка резервов на возможные потери,П,введен:4555-У
45201,"Кредит, предоставленный при недостатке средств на расчетном (текущем) счете (""овердрафт"")",А,
45203,на срок до 30 дней,А,
45204,на срок от 31 до 90 дней,А,
45205,на срок от 91 до 180 дней,А,
45206,на срок от 181 дня до 1 года,А,
45207,на срок от 1 года до 3 лет,А,
45208,на срок свыше 3 лет,А,
45209,до востребования,А,
45211,Приобретенные права требования по договорам на предоставление (размещение) денежных средств,А,введен:5460-У
45215,Резервы на возможные потери,П,
45216,Корректировка резервов на возможные потери,А,введен:4555-У
45217,Корректировка резервов на возможные потери,П,введен:4555-У
45301,"Кредит, предоставленный при недостатке средств на расчетном (текущем) счете (""овердрафт"")",А,
45303,на срок до 30 дней,А,
45304,на срок от 31 до 90 дней,А,
45305,на срок от 91 до 180 дней,А,
45306,на срок от 181 дня до 1 года,А,
45307,на срок от 1 года до 3 лет,А,
45308,на срок свыше 3 лет,А,
45309,до востребования,А,
45311,Приобретенные права требования по договорам на предоставление (размещение) денежных средств,А,введен:5460-У
45315,Резервы на возможные потери,П,
45316,Корректировка резервов на возможные потери,А,введен:4555-У
45317,Корректировка резервов на возможные потери,П,введен:4555-У
45401,"Кредит, предоставленный при недостатке средств на расчетном (текущем) счете (""овердрафт"")",А,
45403,Кредиты на срок до 30 дней,А,
45404,Кредиты на срок от 31 до 90 дней,А,
45405,Кредиты на срок от 91 до 180 дней,А,
45406,Кредиты на срок от 181 дня до 1 года,А,
45407,Кредиты на срок от 1 года до 3 лет,А,
45408,Кредиты на срок свыше 3 лет,А,
45409,Кредиты до востребования,А,
45410,"Прочие средства, предоставленные индивидуальным предпринимателям",А,
45411,Приобретенные права требования по договорам на предоставление (размещение) денежных средств,А,введен:5460-У
45415,Резервы на возможные потери,П,
45416,Корректировка резервов на возможные потери,А,введен:4555-У
45417,Корректировка резервов на возможные потери,П,введен:4555-У
45502,Кредиты на срок до 30 дней,А,
45503,Кредиты на срок от 31 до 90 дней,А,
45504,Кредиты на срок от 91 до 180 дней,А,
45505,Кредиты на срок от 181 дня до 1 года,А,
45506,Кредиты на срок от 1 года до 3 лет,А,
45507,Кредиты на срок свыше 3 лет,А,
45508,Кредиты до востребования,А,
45509,"Кредит, предоставленный при недостатке средств на депозитном счете (""овердрафт"")",А,
45510,"Прочие средства, предоставленные физическим лицам",А,
45511,Приобретенные права требования по договорам на предоставление (размещение) денежных средств,А,введен:5460-У
45515,Резервы на возможные потери,П,
45523,Корректировка резервов на возможные потери,А,введен:4555-У
45524,Корректировка резервов на возможные потери,П,введен:4555-У
45601,на срок до 30 дней,А,
45602,на срок от 31 до 90 дней,А,
45603,на срок от 91 до 180 дней,А,
45604,на срок от 181 дня до 1 года,А,
45605,на срок от 1 года до 3 лет,А,
45606,на срок свыше 3 лет,А,
45607,до востребования,А,
45608,"Кредит, предоставленный при недостатке средств на расчетном (текущем) счете (""овердрафт"")",А,
45611,Приобретенные права требования по договорам на предоставление (размещение) денежных средств,А,введен:5460-У
45615,Резервы на возможные потери,П,
45616,Корректировка резервов на возможные потери,А,введен:4555-У
45617,Корректировка резервов на возможные потери,П,введен:4555-У
45701,Кредиты на срок до 30 дней,А,
45702,Кредиты на срок от 31 до 90 дней,А,
45703,Кредиты на срок от 91 до 180 дней,А,
45704,Кредиты на срок от 181 дня до 1 года,А,
45705,Кредиты на срок от 1 года до 3 лет,А,
45706,Кредиты на срок свыше 3 лет,А,
45707,Кредиты до востребования,А,
45708,"Кредит, предоставленный при недостатке средств на депозитном счете (""овердрафт"")",А,
45709,"Прочие средства, предоставленные физическим лицам - нерезидентам",А,
45711,Приобретенные права требования по договорам на предоставление (размещение) денежных средств,А,введен:5460-У
45713,Корректировка резервов на возможные потери,А,введен:4555-У
45714,Корректировка резервов на возможные потери,П,введен:4555-У
45715,Резервы на возможные потери,П,
45801,Минфину России,А,
45802,Финансовым органам субъектов Российской Федерации и органов местного самоуправления,А,
45803,Государственным внебюджетным фондам,А,
45804,Внебюджетным фондам субъектов Российской Федерации и органов местного самоуправления,А,
45805,"Финансовым организациям, находящимся в федеральной собственности",А,
45806,"Коммерческим организациям, находящимся в федеральной собственности",А,
45807,"Некоммерческим организациям, находящимся в федеральной собственности",А,
45808,"Финансовым организациям, находящимся в государственной (кроме федеральной) собственности",А,
45809,"Коммерческим организациям, находящимся в государственной (кроме федеральной) собственности",А,
45810,"Некоммерческим организациям, находящимся в государственной (кроме федеральной) собственности",А,
45811,Негосударственным финансовым организациям,А,
45812,Негосударственным коммерческим организациям,А,
45813,Негосударственным некоммерческим организациям,А,
45814,Индивидуальным предпринимателям,А,
45815,Физическим лицам,А,
45816,Юридическим лицам - нерезидентам,А,
45817,Физическим лицам - нерезидентам,А,
45818,Резервы на возможные потери,П,
45820,Корректировка резервов на возможные потери,А,введен:4555-У
45821,Корректировка резервов на возможные потери,П,введен:4555-У
45901,Минфину России,А,
45902,Финансовым органам субъектов Российской Федерации и органов местного самоуправления,А,
45903,Государственным внебюджетным фондам,А,
45904,Внебюджетным фондам субъектов Российской Федерации и органов местного самоуправления,А,
45905,"Финансовым организациям, находящимся в федеральной собственности",А,
45906,"Коммерческим организациям, находящимся в федеральной собственности",А,
45907,"Некоммерческим организациям, находящимся в федеральной собственности",А,
45908,"Финансовым организациям, находящимся в государственной (кроме федеральной) собственности",А,
45909,"Коммерческим организациям, находящимся в государственной (кроме федеральной) собственности",А,
45910,"Некоммерческим организациям, находящимся в государственной (кроме федеральной) собственности",А,
45911,Негосударственным финансовым организациям,А,
45912,Негосударственным коммерческим организациям,А,
45913,Негосударственным некоммерческим организациям,А,
45914,Индивидуальным предпринимателям,А,
45915,Физическим лицам,А,
45916,Юридическим лицам - нерезидентам,А,
45917,Физическим лицам - нерезидентам,А,
45918,Резервы на возможные потери,П,
45920,Корректировка резервов на возможные потери,А,введен:4555-У
45921,Корректировка резервов на возможные потери,П,введен:4555-У
46001,до востребования,А,
46002,на срок до 30 дней,А,
46003,на срок от 31 до 90 дней,А,
46004,на срок от 91 до 180 дней,А,
46005,на срок от 181 дня до 1 года,А,
46006,на срок от 1 года до 3 лет,А,
46007,на срок свыше 3 лет,А,
46008,Резервы на возможные потери,П,
46012,Корректировка резервов на возможные потери,А,введен:4555-У
46013,Корректировка резервов на возможные потери,П,введен:4555-У
46101,до востребования,А,
46102,на срок до 30 дней,А,
46103,на срок от 31 до 90 дней,А,
46104,на срок от 91 до 180 дней,А,
46105,на срок от 181 дня до 1 года,А,
46106,на срок от 1 года до 3 лет,А,
46107,на срок свыше 3 лет,А,
46108,Резервы на возможные потери,П,
46112,Корректировка резервов на возможные потери,А,введен:4555-У
46113,Корректировка резервов на возможные потери,П,введен:4555-У
46201,до востребования,А,
46202,на срок до 30 дней,А,
46203,на срок от 31 до 90 дней,А,
46204,на срок от 91 до 180 дней,А,
46205,на срок от 181 дня до 1 года,А,
46206,на срок от 1 года до 3 лет,А,
46207,на срок свыше 3 лет,А,
46208,Резервы на возможные потери,П,
46212,Корректировка резервов на возможные потери,А,введен:4555-У
46213,Корректировка резервов на возможные потери,П,введен:4555-У
46301,до востребования,А,
46302,на срок до 30 дней,А,
46303,на срок от 31 до 90 дней,А,
46304,на срок от 91 до 180 дней,А,
46305,на срок от 181 дня до 1 года,А,
46306,на срок от 1 года до 3 лет,А,
46307,на срок свыше 3 лет,А,
46308,Резервы на возможные потери,П,
46312,Корректировка резервов на возможные потери,А,введен:4555-У
46313,Корректировка резервов на возможные потери,П,введен:4555-У
46401,до востребования,А,
46402,на срок до 30 дней,А,
46403,на срок от 31 до 90 дней,А,
46404,на срок от 91 до 180 дней,А,
46405,на срок от 181 дня до 1 года,А,
46406,на срок от 1 года до 3 лет,А,
46407,на срок свыше 3 лет,А,
46408,Резервы на возможные потери,П,
46412,Корректировка резервов на возможные потери,А,введен:4555-У
46413,Корректировка резервов на возможные потери,П,введен:4555-У
46501,до востребования,А,
46502,на срок до 30 дней,А,
46503,на срок от 31 до 90 дней,А,
46504,на срок от 91 до 180 дней,А,
46505,на срок от 181 дня до 1 года,А,
46506,на срок от 1 года до 3 лет,А,
46507,на срок свыше 3 лет,А,
46508,Резервы на возможные потери,П,
46512,Корректировка резервов на возможные потери,А,введен:4555-У
46513,Корректировка резервов на возможные потери,П,введен:4555-У
46601,до востребования,А,
46602,на срок до 30 дней,А,
46603,на срок от 31 до 90 дней,А,
46604,на срок от 91 до 180 дней,А,
46605,на срок от 181 дня до 1 года,А,
46606,на срок от 1 года до 3 лет,А,
46607,на срок свыше 3 лет,А,
46608,Резервы на возможные потери,П,
46612,Корректировка резервов на возможные потери,А,введен:4555-У
46613,Корректировка резервов на возможные потери,П,введен:4555-У
46701,до востребования,А,
46702,на срок до 30 дней,А,
46703,на срок от 31 до 90 дней,А,
46704,на срок от 91 до 180 дней,А,
46705,на срок от 181 дня до 1 года,А,
46706,на срок от 1 года до 3 лет,А,
46707,на срок свыше 3 лет,А,
46708,Резервы на возможные потери,П,
46712,Корректировка резервов на возможные потери,А,введен:4555-У
46713,Корректировка резервов на возможные потери,П,введен:4555-У
46801,до востребования,А,
46802,на срок до 30 дней,А,
46803,на срок от 31 до 90 дней,А,
46804,на срок от 91 до 180 дней,А,
46805,на срок от 181 дня до 1 года,А,
46806,на срок от 1 года до 3 лет,А,
46807,на срок свыше 3 лет,А,
46808,Резервы на возможные потери,П,
46812,Корректировка резервов на возможные потери,А,введен:4555-У
46813,Корректировка резервов на возможные потери,П,введен:4555-У
46901,до востребования,А,
46902,на срок до 30 дней,А,
46903,на срок от 31 до 90 дней,А,
46904,на срок от 91 до 180 дней,А,
46905,на срок от 181 дня до 1 года,А,
46906,на срок от 1 года до 3 лет,А,
46907,на срок свыше 3 лет,А,
46908,Резервы на возможные потери,П,
46912,Корректировка резервов на возможные потери,А,введен:4555-У
46913,Корректировка резервов на возможные потери,П,введен:4555-У
47001,до востребования,А,
47002,на срок до 30 дней,А,
47003,на срок от 31 до 90 дней,А,
47004,на срок от 91 до 180 дней,А,
47005,на срок от 181 дня до 1 года,А,
47006,на срок от 1 года до 3 лет,А,
47007,на срок свыше 3 лет,А,
47008,Резервы на возможные потери,П,
47012,Корректировка резервов на возможные потери,А,введен:4555-У
47013,Корректировка резервов на возможные потери,П,введен:4555-У
47101,до востребования,А,
47102,на срок до 30 дней,А,
47103,на срок от 31 до 90 дней,А,
47104,на срок от 91 до 180 дней,А,
47105,на срок от 181 дня до 1 года,А,
47106,на срок от 1 года до 3 лет,А,
47107,на срок свыше 3 лет,А,
47108,Резервы на возможные потери,П,
47112,Корректировка резервов на возможные потери,А,введен:4555-У
47113,Корректировка резервов на возможные потери,П,введен:4555-У
47201,до востребования,А,
47202,на срок до 30 дней,А,
47203,на срок от 31 до 90 дней,А,
47204,на срок от 91 до 180 дней,А,
47205,на срок от 181 дня до 1 года,А,
47206,на срок от 1 года до 3 лет,А,
47207,на срок свыше 3 лет,А,
47208,Резервы на возможные потери,П,
47212,Корректировка резервов на возможные потери,А,введен:4555-У
47213,Корректировка резервов на возможные потери,П,введен:4555-У
47301,до востребования,А,
47302,на срок до 30 дней,А,
47303,на срок от 31 до 90 дней,А,
47304,на срок от 91 до 180 дней,А,
47305,на срок от 181 дня до 1 года,А,
47306,на срок от 1 года до 3 лет,А,
47307,на срок свыше 3 лет,А,
47308,Резервы на возможные потери,П,
47312,Корректировка резервов на возможные потери,А,введен:4555-У
47313,Корректировка резервов на возможные потери,П,введен:4555-У
47401,"Расчеты по приобретенным правам требования, форфейтинговым операциям",П,
47402,"Расчеты по приобретенным правам требования, форфейтинговым операциям",А,
47403,Расчеты с биржами,П,
47404,Расчеты с биржами,А,
47405,Расчеты с клиентами по покупке и продаже иностранной валюты,П,
47406,Расчеты с клиентами по покупке и продаже иностранной валюты,А,
47407,"Расчеты по конверсионным операциям, производным финансовым инструментам и прочим договорам (сделкам), по которым расчеты и поставка осуществляются не ранее следующего дня после дня заключения договора (сделки)",П,
47408,"Расчеты по конверсионным операциям, производным финансовым инструментам и прочим договорам (сделкам), по которым расчеты и поставка осуществляются не ранее следующего дня после дня заключения договора (сделки)",А,
47410,Требования по аккредитивам с нерезидентами,А,
47411,Начисленные проценты по банковским счетам и привлеченным средствам физических лиц,П,
47412,Операции по продаже и оплате лотерей,П,
47413,Операции по продаже и оплате лотерей,А,
47414,Платежи по приобретению и реализации памятных монет,П,
47415,Требования по платежам за приобретаемые и реализуемые памятные монеты,А,
47416,"Суммы, поступившие на корреспондентские счета, до выяснения",П,
47417,"Суммы, списанные с корреспондентских счетов, до выяснения",А,
47418,"Средства, списанные со счетов клиентов, но не проведенные по корреспондентскому счету кредитной организации из-за недостаточности средств",П,
47419,Расчеты с организациями по наличным деньгам (СБ),П,
47420,Расчеты с организациями по наличным деньгам (СБ),А,
47421,"Переоценка требований и обязательств по поставке драгоценных металлов, финансовых активов (кроме ценных бумаг)",А,введен:4722-У
47422,Обязательства по прочим операциям,П,
47423,Требования по прочим операциям,А,
47424,"Переоценка требований и обязательств по поставке драгоценных металлов, финансовых активов (кроме ценных бумаг)",П,введен:4722-У
47425,Резервы на возможные потери,П,
47426,Обязательства по уплате процентов,П,
47427,Начисленные проценты по предоставленным (размещенным) денежным средствам,А,
47431,Требования по аккредитивам,А,
47440,Затраты по сделке по финансовым обязательствам и финансовым активам,А,введен:4555-У
47441,"Прочие доходы, связанные с предоставлением (размещением) денежных средств",П,введен:4555-У
47442,Расчеты по расходам по финансовым обязательствам и финансовым активам,П,введен:4555-У
47443,"Расчеты по прочим доходам, связанным с предоставлением (размещением) денежных средств",А,введен:4555-У
47444,Расчеты по процентам по предоставленным (размещенным) денежным средствам,П,введен:4555-У
47445,"Корректировки, увеличивающие стоимость привлеченных средств",П,введен:4555-У
47446,"Корректировки, увеличивающие стоимость выпущенных ценных бумаг",П,введен:4555-У
47447,"Корректировки, увеличивающие стоимость предоставленных (размещенных) денежных средств",А,введен:4555-У
47448,"Корректировки, увеличивающие стоимость обязательства по договору банковской гарантии",П,введен:4555-У
47449,"Корректировки, увеличивающие стоимость обязательства по предоставлению денежных средств",П,введен:4555-У
47450,"Корректировки, уменьшающие стоимость привлеченных средств",А,введен:4555-У
47451,"Корректировки, уменьшающие стоимость выпущенных ценных бумаг",А,введен:4555-У
47452,"Корректировки, уменьшающие стоимость предоставленных (размещенных) денежных средств",П,введен:4555-У
47453,"Переоценка, увеличивающая стоимость привлеченных средств, оцениваемых по справедливой стоимости через прибыль или убыток",П,введен:4555-У
47454,"Переоценка, увеличивающая стоимость выпущенных ценных бумаг, оцениваемых по справедливой стоимости через прибыль или убыток",П,введен:4555-У
47455,"Переоценка, увеличивающая стоимость предоставленных (размещенных) денежных средств, оцениваемых по справедливой стоимости через прочий совокупный доход",А,введен:4555-У
47456,"Переоценка, увеличивающая стоимость предоставленных (размещенных) денежных средств, оцениваемых по справедливой стоимости через прибыль или убыток",А,введен:4555-У
47457,"Переоценка, увеличивающая стоимость обязательства по договору банковской гарантии, оцениваемого по справедливой стоимости через прибыль или убыток",П,введен:4555-У
47458,"Переоценка, увеличивающая стоимость обязательства по договору по предоставлению денежных средств, оцениваемого по справедливой стоимости через прибыль или убыток",П,введен:4555-У
47459,"Переоценка, уменьшающая стоимость привлеченных средств, оцениваемых по справедливой стоимости через прибыль или убыток",А,введен:4555-У
47460,"Переоценка, уменьшающая стоимость выпущенных ценных бумаг, оцениваемых по справедливой стоимости через прибыль или убыток",А,введен:4555-У
47461,"Переоценка, уменьшающая стоимость предоставленных (размещенных) денежных средств, оцениваемых по справедливой стоимости через прочий совокупный доход",П,введен:4555-У
47462,"Переоценка, уменьшающая стоимость предоставленных (размещенных) денежных средств, оцениваемых по справедливой стоимости через прибыль или убыток",П,введен:4555-У
47463,"Переоценка, уменьшающая стоимость обязательства по договору банковской гарантии, оцениваемого по справедливой стоимости через прибыль или убыток",А,введен:4555-У
47464,"Переоценка, уменьшающая стоимость обязательства по договору по предоставлению денежных средств, оцениваемого по справедливой стоимости через прибыль или убыток",А,введен:4555-У
47465,Корректировка резервов на возможные потери,А,введен:4555-У
47466,Корректировка резервов на возможные потери,П,введен:4555-У
47467,"Корректировки, уменьшающие стоимость обязательств по договору банковской гарантии",А,введен:4555-У
47468,Расчеты по процентам по банковским счетам и привлеченным средствам физических лиц,А,введен:4555-У
47469,Расчеты по процентам,А,введен:4555-У
47501,Расчеты по выданным банковским гарантиям,П,введен:4555-У
47502,Расчеты по выданным банковским гарантиям,А,введен:4555-У
47503,Обязательства по предоставлению денежных средств,П,введен:4555-У
47601,по депозитам и прочим привлеченным средствам юридических лиц,П,
47602,по депозитам и прочим привлеченным средствам юридических лиц - нерезидентов,П,
47603,по депозитам и прочим привлеченным средствам физических лиц,П,
47605,по депозитам и прочим привлеченным средствам физических лиц - нерезидентов,П,
47606,по процентам по депозитам и прочим привлеченным средствам юридических лиц,П,
47607,по процентам по депозитам и прочим привлеченным средствам юридических лиц - нерезидентов,П,
47608,по процентам по депозитам и прочим привлеченным средствам физических лиц,П,
47609,по процентам по депозитам и прочим привлеченным средствам физических лиц - нерезидентов,П,
47610,по депозитам индивидуальных предпринимателей,П,
47611,по процентам по депозитам индивидуальных предпринимателей,П,
47701,Вложения в операции финансовой аренды,А,
47702,Резервы на возможные потери,П,
47704,Корректировка резервов на возможные потери,А,введен:4555-У
47705,Корректировка резервов на возможные потери,П,введен:4555-У
47804,Резервы на возможные потери,П,
47805,Корректировка резервов на возможные потери,А,введен:4555-У
47806,Корректировка резервов на возможные потери,П,введен:4555-У
47807,"Корректировки, увеличивающие стоимость приобретенных прав требования",А,введен:4555-У
47808,"Корректировки, уменьшающие стоимость приобретенных прав требования",П,введен:4555-У
47809,"Переоценка, увеличивающая стоимость приобретенных прав требования, оцениваемых по справедливой стоимости через прибыль или убыток",А,введен:4555-У
47810,"Переоценка, уменьшающая стоимость приобретенных прав требования, оцениваемых по справедливой стоимости через прибыль или убыток",П,введен:4555-У
47811,"Переоценка, увеличивающая стоимость приобретенных прав требования, оцениваемых по справедливой стоимости через прочий совокупный доход",А,введен:4555-У
47812,"Переоценка, уменьшающая стоимость приобретенных прав требования, оцениваемых по справедливой стоимости через прочий совокупный доход",П,введен:4555-У
47813,Затраты по приобретенным правам требования,А,введен:4555-У
47814,Прочие доходы по операциям по приобретению прав требования,П,введен:4555-У
47815,Расчеты по расходам по приобретенным правам требования,П,введен:4555-У
47816,Расчеты по прочим доходам по операциям по приобретению прав требования,А,введен:4555-У
47817,"Права требования, приобретенные по договорам финансирования под уступку денежного требования и иным договорам, к кредитным организациям",А,введен:5460-У
47818,"Права требования, приобретенные по договорам финансирования под уступку денежного требования и иным договорам, к банкам-нерезидентам",А,введен:5460-У
47819,"Права требования, приобретенные по договорам финансирования под уступку денежного требования и иным договорам, к Минфину России",А,введен:5460-У
47820,"Права требования, приобретенные по договорам финансирования под уступку денежного требования и иным договорам, к финансовым органам субъектов Российской Федерации и органам местного самоуправления",А,введен:5460-У
47821,"Права требования, приобретенные по договорам финансирования под уступку денежного требования и иным договорам, к государственным внебюджетным фондам Российской Федерации",А,введен:5460-У
47822,"Права требования, приобретенные по договорам финансирования под уступку денежного требования и иным договорам, к внебюджетным фондам субъектов Российской Федерации и органам местного самоуправления",А,введен:5460-У
47823,"Права требования, приобретенные по договорам финансирования под уступку денежного требования и иным договорам, к финансовым организациям, находящимся в федеральной собственности",А,введен:5460-У
47824,"Права требования, приобретенные по договорам финансирования под уступку денежного требования и иным договорам, к коммерческим организациям, находящимся в федеральной собственности",А,введен:5460-У
47825,"Права требования, приобретенные по договорам финансирования под уступку денежного требования и иным договорам, к некоммерческим организациям, находящимся в федеральной собственности",А,введен:5460-У
47826,"Права требования, приобретенные по договорам финансирования под уступку денежного требования и иным договорам, к финансовым организациям, находящимся в государственной (кроме федеральной) собственности",А,введен:5460-У
47827,"Права требования, приобретенные по договорам финансирования под уступку денежного требования и иным договорам, к коммерческим организациям, находящимся в государственной (кроме федеральной) собственности",А,введен:5460-У
47828,"Права требования, приобретенные по договорам финансирования под уступку денежного требования и иным договорам, к некоммерческим организациям, находящимся в государственной (кроме федеральной) собственности",А,введен:5460-У
47829,"Права требования, приобретенные по договорам финансирования под уступку денежного требования и иным договорам, к негосударственным финансовым организациям",А,введен:5460-У
47830,"Права требования, приобретенные по договорам финансирования под уступку денежного требования и иным договорам, к негосударственным коммерческим организациям",А,введен:5460-У
47831,"Права требования, приобретенные по договорам финансирования под уступку денежного требования и иным договорам, к негосударственным некоммерческим организациям",А,введен:5460-У
47832,"Права требования, приобретенные по договорам финансирования под уступку денежного требования и иным договорам, к индивидуальным предпринимателям",А,введен:5460-У
47833,"Права требования, приобретенные по договорам финансирования под уступку денежного требования и иным договорам, к физическим лицам - резидентам",А,введен:5460-У
47834,"Права требования, приобретенные по договорам финансирования под уступку денежного требования и иным договорам, к юридическим лицам - нерезидентам",А,введен:5460-У
47835,"Права требования, приобретенные по договорам финансирования под уступку денежного требования и иным договорам, к физическим лицам - нерезидентам",А,введен:5460-У
47901,"Активы, переданные в доверительное управление",А,
47902,Резервы на возможные потери,П,
50104,Долговые ценные бумаги Российской Федерации,А,
50105,Долговые ценные бумаги субъектов Российской Федерации и органов местного самоуправления,А,
50106,Долговые ценные бумаги кредитных организаций,А,
50107,Долговые ценные бумаги прочих резидентов,А,
50108,Долговые ценные бумаги иностранных государств,А,
50109,Долговые ценные бумаги банков-нерезидентов,А,
50110,Долговые ценные бумаги прочих нерезидентов,А,
50116,Долговые ценные бумаги Банка России,А,
50118,"Долговые ценные бумаги, переданные без прекращения признания",А,
50120,Переоценка ценных бумаг - отрицательные разницы,П,
50121,Переоценка ценных бумаг - положительные разницы,А,
50140,"Корректировки, увеличивающие стоимость долговых ценных бумаг",А,введен:4555-У
50141,"Корректировки, уменьшающие стоимость долговых ценных бумаг",П,введен:4555-У
50205,Долговые ценные бумаги Российской Федерации,А,
50206,Долговые ценные бумаги субъектов Российской Федерации и органов местного самоуправления,А,
50207,Долговые ценные бумаги кредитных организаций,А,
50208,Долговые ценные бумаги прочих резидентов,А,
50209,Долговые ценные бумаги иностранных государств,А,
50210,Долговые ценные бумаги банков-нерезидентов,А,
50211,Долговые ценные бумаги прочих нерезидентов,А,
50214,Долговые ценные бумаги Банка России,А,
50218,"Долговые ценные бумаги, переданные без прекращения признания",А,
50219,Утратил силу с 1 января 2019 года. - Указание Банка России от 02.10.2017 N 4555-У,,
50220,Переоценка ценных бумаг - отрицательные разницы,П,
50221,Переоценка ценных бумаг - положительные разницы,А,
50264,"Корректировки, увеличивающие стоимость долговых ценных бумаг",А,введен:4555-У
50265,"Корректировки, уменьшающие стоимость долговых ценных бумаг",П,введен:4555-У
50401,Долговые ценные бумаги Российской Федерации,А,введен:4555-У
50402,Долговые ценные бумаги субъектов Российской Федерации и органов местного самоуправления,А,введен:4555-У
50403,Долговые ценные бумаги кредитных организаций,А,введен:4555-У
50404,Долговые ценные бумаги прочих резидентов,А,введен:4555-У
50405,Долговые ценные бумаги иностранных государств,А,введен:4555-У
50406,Долговые ценные бумаги банков-нерезидентов,А,введен:4555-У
50407,Долговые ценные бумаги прочих нерезидентов,А,введен:4555-У
50408,Долговые ценные бумаги Банка России,А,введен:4555-У
50418,"Долговые ценные бумаги, переданные без прекращения признания",А,введен:4555-У
50427,Резервы на возможные потери,П,введен:4555-У
50428,"Корректировки, увеличивающие стоимость долговых ценных бумаг",А,введен:4555-У
50429,"Корректировки, уменьшающие стоимость долговых ценных бумаг",П,введен:4555-У
50430,Корректировка резервов на возможные потери,А,введен:4555-У
50431,Корректировка резервов на возможные потери,П,введен:4555-У
50505,"Долговые ценные бумаги, не погашенные в срок",А,
50507,Резервы на возможные потери,П,
50508,Корректировка резервов на возможные потери,А,введен:4555-У
50509,Корректировка резервов на возможные потери,П,введен:4555-У
50605,Долевые ценные бумаги кредитных организаций,А,
50606,Долевые ценные бумаги прочих резидентов,А,
50607,Долевые ценные бумаги банков-нерезидентов,А,
50608,Долевые ценные бумаги прочих нерезидентов,А,
50618,"Долевые ценные бумаги, переданные без прекращения признания",А,
50620,Переоценка ценных бумаг - отрицательные разницы,П,
50621,Переоценка ценных бумаг - положительные разницы,А,
50670,Превышение стоимости приобретения ценной бумаги над ее справедливой стоимостью при первоначальном признании,А,введен:4555-У
50671,Превышение справедливой стоимости ценной бумаги при первоначальном признании над стоимостью ее приобретения,П,введен:4555-У
50705,Долевые ценные бумаги кредитных организаций,А,
50706,Долевые ценные бумаги прочих резидентов,А,
50707,Долевые ценные бумаги банков-нерезидентов,А,
50708,Долевые ценные бумаги прочих нерезидентов,А,
50709,Утратил силу с 1 января 2019 года. - Указание Банка России от 02.10.2017 N 4555-У,,
50718,"Долевые ценные бумаги, переданные без прекращения признания",А,
50719,Резервы на возможные потери,П,введен:5019-У
50719,Утратил силу с 1 января 2019 года. - Указание Банка России от 02.10.2017 N 4555-У,,
50720,Переоценка ценных бумаг - отрицательные разницы,П,
50721,Переоценка ценных бумаг - положительные разницы,А,
50738,Корректировка резервов на возможные потери,А,введен:5019-У
50739,Корректировка резервов на возможные потери,П,введен:5019-У
50770,Превышение стоимости приобретения ценной бумаги над ее справедливой стоимостью при первоначальном признании,А,введен:4555-У
50771,Превышение справедливой стоимости ценной бумаги при первоначальном признании над стоимостью ее приобретения,П,введен:4555-У
50905,Предварительные затраты по приобретению и выбытию (реализации) ценных бумаг,А,
50906,Расчеты по расходам по операциям займа ценных бумаг,П,введен:4555-У
50907,Затраты по операциям займа ценных бумаг,А,введен:4555-У
50908,Резервы на возможные потери,П,
50909,Корректировка резервов на возможные потери,А,введен:4555-У
50910,Корректировка резервов на возможные потери,П,введен:4555-У
51211,Векселя федеральных органов исполнительной власти,А,введен:4555-У
51212,"Векселя органов исполнительной власти субъектов Российской Федерации, органов местного самоуправления",А,введен:4555-У
51213,Векселя кредитных организаций,А,введен:4555-У
51214,Векселя прочих резидентов,А,введен:4555-У
51215,Векселя иностранных государств,А,введен:4555-У
51216,Векселя банков-нерезидентов,А,введен:4555-У
51217,Векселя прочих нерезидентов,А,введен:4555-У
51232,Переоценка векселей - отрицательные разницы,П,введен:4555-У
51233,Переоценка векселей - положительные разницы,А,введен:4555-У
51234,"Корректировки, увеличивающие стоимость векселей",А,введен:4555-У
51235,"Корректировки, уменьшающие стоимость векселей",П,введен:4555-У
51238,Корректировка резервов на возможные потери,А,введен:5019-У
51239,Корректировка резервов на возможные потери,П,введен:5019-У
51240,Резервы на возможные потери,П,введен:5019-У
51311,Векселя федеральных органов исполнительной власти,А,введен:4555-У
51312,"Векселя органов исполнительной власти субъектов Российской Федерации, органов местного самоуправления",А,введен:4555-У
51313,Векселя кредитных организаций,А,введен:4555-У
51314,Векселя прочих резидентов,А,введен:4555-У
51315,Векселя иностранных государств,А,введен:4555-У
51316,Векселя банков-нерезидентов,А,введен:4555-У
51317,Векселя прочих нерезидентов,А,введен:4555-У
51339,Переоценка векселей - отрицательные разницы,П,введен:4555-У
51340,Переоценка векселей - положительные разницы,А,введен:4555-У
51341,"Корректировки, увеличивающие стоимость векселей",А,введен:4555-У
51342,"Корректировки, уменьшающие стоимость векселей",П,введен:4555-У
51511,Векселя федеральных органов исполнительной власти,А,введен:4555-У
51512,"Векселя органов исполнительной власти субъектов Российской Федерации, органов местного самоуправления",А,введен:4555-У
51513,Векселя кредитных организаций,А,введен:4555-У
51514,Векселя прочих резидентов,А,введен:4555-У
51515,Векселя иностранных государств,А,введен:4555-У
51516,Векселя банков-нерезидентов,А,введен:4555-У
51517,Векселя прочих нерезидентов,А,введен:4555-У
51525,Резервы на возможные потери,П,введен:4555-У
51526,"Корректировки, увеличивающие стоимость векселей",А,введен:4555-У
51527,"Корректировки, уменьшающие стоимость векселей",П,введен:4555-У
51528,Корректировка резервов на возможные потери,А,введен:4555-У
51529,Корректировка резервов на возможные потери,П,введен:4555-У
52001,со сроком погашения до 30 дней,П,
52002,со сроком погашения от 31 до 90 дней,П,
52003,со сроком погашения от 91 до 180 дней,П,
52004,со сроком погашения от 181 дня до 1 года,П,
52005,со сроком погашения свыше 1 года до 3 лет,П,
52006,со сроком погашения свыше 3 лет,П,
52101,со сроком погашения до 30 дней,П,
52102,со сроком погашения от 31 до 90 дней,П,
52103,со сроком погашения от 91 до 180 дней,П,
52104,со сроком погашения от 181 дня до 1 года,П,
52105,со сроком погашения свыше 1 года до 3 лет,П,
52106,со сроком погашения свыше 3 лет,П,
52201,со сроком погашения до 30 дней,П,
52202,со сроком погашения от 31 до 90 дней,П,
52203,со сроком погашения от 91 до 180 дней,П,
52204,со сроком погашения от 181 дня до 1 года,П,
52205,со сроком погашения свыше 1 года до 3 лет,П,
52206,со сроком погашения свыше 3 лет,П,
52301,до востребования,П,
52302,со сроком погашения до 30 дней,П,
52303,со сроком погашения от 31 до 90 дней,П,
52304,со сроком погашения от 91 до 180 дней,П,
52305,со сроком погашения от 181 дня до 1 года,П,
52306,со сроком погашения свыше 1 года до 3 лет,П,
52307,со сроком погашения свыше 3 лет,П,
52401,Выпущенные облигации к исполнению,П,
52402,Обязательства по процентам и купонам по облигациям к исполнению,П,
52403,Выпущенные депозитные сертификаты к исполнению,П,
52404,Выпущенные сберегательные сертификаты к исполнению,П,
52405,"Проценты, удостоверенные сберегательными и депозитными сертификатами к исполнению",П,
52406,Векселя к исполнению,П,
52407,Обязательства по выплате процентов и купонов по окончании процентного (купонного) периода по обращающимся облигациям,П,
52501,Обязательства по процентам и купонам по выпущенным ценным бумагам,П,
52503,Утратил силу с 1 января 2019 года. - Указание Банка России от 02.10.2017 N 4555-У,,
52601,"Производные финансовые инструменты, от которых ожидается получение экономических выгод",А,
52602,"Производные финансовые инструменты, по которым ожидается уменьшение экономических выгод",П,
52801,Корректировка балансовой стоимости актива на изменение справедливой стоимости объекта хеджирования (твердое договорное обязательство),П,
52802,Корректировка балансовой стоимости актива на изменение справедливой стоимости объекта хеджирования (твердое договорное обязательство),А,
52803,Корректировка балансовой стоимости обязательства на изменение справедливой стоимости объекта хеджирования (твердое договорное обязательство),П,
52804,Корректировка балансовой стоимости обязательства на изменение справедливой стоимости объекта хеджирования (твердое договорное обязательство),А,
60101,Акции дочерних и зависимых кредитных организаций,А,
60102,Акции дочерних и зависимых организаций,А,
60103,Акции дочерних и зависимых банков - нерезидентов,А,
60104,Акции дочерних и зависимых организаций - нерезидентов,А,
60105,Резервы на возможные потери,П,
60106,Паи паевых инвестиционных фондов,А,
60107,Корректировка резервов на возможные потери,А,введен:4555-У
60108,Корректировка резервов на возможные потери,П,введен:4555-У
60118,"Акции, паи, переданные без прекращения признания",А,
60120,Переоценка ценных бумаг - отрицательные разницы,П,введен:4555-У
60121,Переоценка ценных бумаг - положительные разницы,А,введен:4555-У
60201,"Средства, внесенные в уставные капиталы кредитных организаций, созданных в форме общества с ограниченной ответственностью",А,
60202,"Средства, внесенные в уставные капиталы организаций",А,
60203,"Средства, внесенные в уставные капиталы неакционерных банков - нерезидентов",А,
60204,"Средства, внесенные в уставные капиталы организаций-нерезидентов",А,
60205,"Средства, размещенные для деятельности своих филиалов в других странах",А,
60206,Резервы на возможные потери,П,
60213,Корректировка резервов на возможные потери,А,введен:4555-У
60214,Корректировка резервов на возможные потери,П,введен:4555-У
60220,Переоценка долей участия - отрицательные разницы,П,введен:4555-У
60221,Переоценка долей участия - положительные разницы,А,введен:4555-У
60301,Расчеты по налогам и сборам,П,
60302,Расчеты по налогам и сборам,А,
60305,Обязательства по выплате краткосрочных вознаграждений работникам,П,
60306,Требования по выплате краткосрочных вознаграждений работникам,А,
60307,Расчеты с работниками по подотчетным суммам,П,
60308,Расчеты с работниками по подотчетным суммам,А,
60309,"Налог на добавленную стоимость, полученный",П,
60310,"Налог на добавленную стоимость, уплаченный",А,
60311,"Расчеты с поставщиками, подрядчиками и покупателями",П,
60312,"Расчеты с поставщиками, подрядчиками и покупателями",А,
60313,Расчеты с организациями-нерезидентами по хозяйственным операциям,П,
60314,Расчеты с организациями-нерезидентами по хозяйственным операциям,А,
60315,"Суммы, выплаченные по предоставленным банковским гарантиям и поручительствам",А,
60320,Расчеты с акционерами (участниками) по дивидендам (распределенной части прибыли между участниками),П,
60322,Расчеты с прочими кредиторами,П,
60323,Расчеты с прочими дебиторами,А,
60324,Резервы на возможные потери,П,
60335,Расчеты по социальному страхованию и обеспечению,П,
60336,Расчеты по социальному страхованию и обеспечению,А,
60337,Задолженность коммерческих банков и их филиалов по внутрироссийскому зачету 1992 года,А,
60338,Задолженность коммерческих банков и их филиалов по внутрироссийскому зачету 1992 года,П,
60339,Задолженность хозорганов по внутрироссийскому зачету 1992 года,А,
60340,Задолженность хозорганов по внутрироссийскому зачету 1992 года,П,
60341,Задолженность коммерческих банков и их филиалов по межгосударственному зачету 1992 года,А,
60342,Задолженность коммерческих банков и их филиалов по межгосударственному зачету 1992 года,П,
60343,Задолженность хозорганов по межгосударственному зачету 1992 года,А,
60344,Задолженность хозорганов по межгосударственному зачету 1992 года,П,
60347,"Расчеты по начисленным доходам по акциям, долям, паям",А,
60349,Обязательства по выплате долгосрочных вознаграждений работникам,П,
60350,Требования по выплате долгосрочных вознаграждений работникам,А,
60351,Корректировка резервов на возможные потери,А,введен:4555-У
60352,Корректировка резервов на возможные потери,П,введен:4555-У
60401,Основные средства (кроме земли),А,
60404,Земля,А,
60405,Резервы на возможные потери,П,
60406,Обесценение основных средств,П,введен:5892-У
60414,Амортизация основных средств (кроме земли),П,
60415,"Вложения в сооружение (строительство), создание (изготовление) и приобретение основных средств",А,
60804,"Имущество, полученное в финансовую аренду",А,
60805,"Амортизация основных средств, полученных в финансовую аренду",П,
60806,Арендные обязательства,П,
60807,Вложения в приобретение активов в форме права пользования,А,введен:4965-У
60808,Обесценение активов в форме права пользования,П,введен:5892-У
60901,Нематериальные активы,А,
60903,Амортизация нематериальных активов,П,
60905,Деловая репутация,А,
60906,Вложения в создание и приобретение нематериальных активов,А,
61002,Запасные части,А,
61008,Материалы,А,
61009,Инвентарь и принадлежности,А,
61010,Издания,А,
61013,"Материалы, предназначенные для сооружения, создания и восстановления основных средств и недвижимости, временно неиспользуемой в основной деятельности",А,
61014,Товарные запасы у клиринговой организации - центрального контрагента при выполнении функций оператора товарных поставок,А,
61016,Резервы под обесценение запасов,П,введен:5547-У
61209,Выбытие (реализация) имущества,-,
61210,Выбытие (реализация) ценных бумаг,-,
61211,Реализация услуг финансовой аренды,-,
61212,Выбытие (реализация) и погашение приобретенных прав требования,-,
61213,Выбытие (реализация) драгоценных металлов,-,
61214,Реализация (уступка) прав требования по заключенным кредитной организацией договорам на предоставление (размещение) денежных средств,-,исключ:4722-У
61501,Резервы - оценочные обязательства некредитного характера,П,
61601,Вспомогательный счет для отражения выбытия производных финансовых инструментов и расчетов по промежуточным платежам,-,
61602,"Вспомогательный счет для отражения выбытия товарных запасов центрального контрагента, выполняющего функции оператора товарных поставок",-,
61701,Отложенное налоговое обязательство,П,
61702,Отложенный налоговый актив по вычитаемым временным разницам,А,
61703,Отложенный налоговый актив по перенесенным на будущее убыткам,А,
61901,"Земля, временно неиспользуемая в основной деятельности",А,
61902,"Земля, временно неиспользуемая в основной деятельности, переданная в аренду",А,
61903,"Недвижимость (кроме земли), временно неиспользуемая в основной деятельности",А,
61904,"Недвижимость (кроме земли), временно неиспользуемая в основной деятельности, переданная в аренду",А,
61905,"Земля, временно неиспользуемая в основной деятельности, учитываемая по справедливой стоимости",А,
61906,"Земля, временно неиспользуемая в основной деятельности, учитываемая по справедливой стоимости, переданная в аренду",А,
61907,"Недвижимость (кроме земли), временно неиспользуемая в основной деятельности, учитываемая по справедливой стоимости",А,
61908,"Недвижимость (кроме земли), временно неиспользуемая в основной деятельности, учитываемая по справедливой стоимости, переданная в аренду",А,
61909,"Амортизация недвижимости (кроме земли), временно неиспользуемой в основной деятельности",П,
61910,"Амортизация недвижимости (кроме земли), временно неиспользуемой в основной деятельности, переданной в аренду",П,
61911,"Вложения в сооружение (строительство) объектов недвижимости, временно неиспользуемой в основной деятельности",А,
61912,Резервы на возможные потери,П,
61913,"Обесценение недвижимости, временно неиспользуемой в основной деятельности",П,введен:5892-У
62001,"Долгосрочные активы, предназначенные для продажи",А,
62002,Резервы на возможные потери,П,
62101,"Средства труда, полученные по договорам отступного, залога, назначение которых не определено",А,
62102,"Предметы труда, полученные по договорам отступного, залога, назначение которых не определено",А,
62103,Резервы на возможные потери,П,
70601,Доходы,П,
70602,"Положительная переоценка финансовых активов и финансовых обязательств, оцениваемых по справедливой стоимости через прибыль или убыток",П,
70603,Положительная переоценка средств в иностранной валюте,П,
70604,Положительная переоценка драгоценных металлов,П,
70605,Утратил силу с 1 января 2019 года. - Указание Банка России от 02.10.2017 N 4555-У,,
70606,Расходы,А,
70607,"Отрицательная переоценка финансовых активов и финансовых обязательств, оцениваемых по справедливой стоимости через прибыль или убыток",А,
70608,Отрицательная переоценка средств в иностранной валюте,А,
70609,Отрицательная переоценка драгоценных металлов,А,
70610,Утратил силу с 1 января 2019 года. - Указание Банка России от 02.10.2017 N 4555-У,,
70611,Налог на прибыль,А,
70613,Доходы от производных финансовых инструментов,П,
70614,Расходы по производным финансовым инструментам,А,
70615,Уменьшение налога на прибыль на отложенный налог на прибыль,П,
70616,Увеличение налога на прибыль на отложенный налог на прибыль,А,
70701,Доходы,П,
70702,"Положительная переоценка финансовых активов и финансовых обязательств, оцениваемых по справедливой стоимости через прибыль или убыток",П,
70703,Положительная переоценка средств в иностранной валюте,П,
70704,Положительная переоценка драгоценных металлов,П,
70705,Утратил силу с 1 января 2019 года. - Указание Банка России от 02.10.2017 N 4555-У,,
70706,Расходы,А,
70707,"Отрицательная переоценка финансовых активов и финансовых обязательств, оцениваемых по справедливой стоимости через прибыль или убыток",А,
70708,Отрицательная переоценка средств в иностранной валюте,А,
70709,Отрицательная переоценка драгоценных металлов,А,
70710,Утратил силу с 1 января 2019 года. - Указание Банка России от 02.10.2017 N 4555-У,,
70711,Налог на прибыль,А,
70713,Доходы от производных финансовых инструментов,П,
70714,Расходы по производным финансовым инструментам,А,
70715,Уменьшение налога на прибыль на отложенный налог на прибыль,П,
70716,Увеличение налога на прибыль на отложенный налог на прибыль,А,
70801,Прибыль прошлого года,П,
70802,Убыток прошлого года,А,
