отчётная дата,банков в базе,из них с пригодным балансом,должно быть по справочнику судеб,нет отчёта,примечание
1998-01-01,1430,1425,1677,305,""
1998-02-01,1432,1421,1668,299,""
1998-03-01,0,0,1648,1648,месяц отсутствует целиком
1998-04-01,0,0,1628,1628,месяц отсутствует целиком
1998-05-01,0,0,1611,1611,месяц отсутствует целиком
1998-06-01,1740,1727,1600,9,""
1998-07-01,1741,1722,1591,6,""
1998-08-01,1741,1718,1569,5,""
1998-09-01,1734,1714,1551,4,""
1998-10-01,1738,1716,1527,5,""
1998-11-01,1745,1716,1508,6,""
1998-12-01,1745,1716,1498,8,""
1999-01-01,1748,1719,1478,7,""
1999-02-01,1747,1717,1475,8,""
1999-03-01,1743,1712,1460,10,""
1999-04-01,1742,1705,1435,7,""
1999-05-01,1741,1695,1424,7,""
1999-06-01,1740,1692,1412,7,""
1999-07-01,1738,1684,1406,7,""
1999-08-01,1734,1680,1395,7,""
1999-09-01,1738,1679,1391,6,""
1999-10-01,1734,1672,1383,5,""
1999-11-01,1737,1666,1374,4,""
1999-12-01,1732,1658,1360,4,""
2000-01-01,1732,1653,1348,5,""
2000-02-01,1725,1642,1345,9,""
2000-03-01,1727,1631,1342,10,""
2000-04-01,1728,1626,1339,11,""
2000-05-01,1727,1620,1333,8,""
2000-06-01,1729,1614,1333,7,""
2000-07-01,1732,1611,1331,4,""
2000-08-01,1718,1605,1330,5,""
2000-09-01,1714,1597,1324,3,""
2000-10-01,1701,1594,1320,1,""
2000-11-01,1693,1589,1322,6,""
2000-12-01,1690,1582,1324,11,""
2001-01-01,1684,1572,1319,9,""
2001-02-01,1680,1563,1319,11,""
2001-03-01,1686,1563,1320,8,""
2001-04-01,1689,1561,1329,17,""
2001-05-01,1700,1563,1328,17,""
2001-06-01,1702,1564,1326,16,""
2001-07-01,1710,1572,1328,14,""
2001-08-01,1715,1573,1326,10,""
2001-09-01,1713,1567,1325,9,""
2001-10-01,1717,1566,1320,6,""
2001-11-01,1721,1556,1327,13,""
2001-12-01,1726,1552,1327,12,""
2002-01-01,1699,1535,1331,18,""
2002-02-01,1695,1527,1330,18,""
2002-03-01,1691,1551,1331,14,""
2002-04-01,1695,1531,1336,16,""
2002-05-01,1696,1524,1341,20,""
2002-06-01,1669,1515,1340,21,""
2002-07-01,1667,1517,1338,16,""
2002-08-01,1675,1505,1339,10,""
2002-09-01,1666,1502,1336,8,""
2002-10-01,1670,1501,1335,7,""
2002-11-01,1663,1500,1337,11,""
2002-12-01,1662,1503,1342,15,""
2003-01-01,1628,1491,1338,14,""
2003-02-01,1621,1487,1334,12,""
2003-03-01,1622,1488,1333,8,""
2003-04-01,1622,1497,1337,9,""
2003-05-01,1618,1490,1334,9,""
2003-06-01,1614,1489,1335,10,""
2003-07-01,1598,1481,1338,14,""
2003-08-01,1579,1476,1337,13,""
2003-09-01,1579,1477,1338,13,""
2003-10-01,1573,1474,1334,9,""
2003-11-01,1569,1464,1337,9,""
2003-12-01,1570,1463,1335,8,""
2004-01-01,1564,1452,1335,10,""
2004-02-01,1551,1450,1334,9,""
2004-03-01,1553,1449,1333,6,""
2004-04-01,1541,1443,1332,6,""
2004-05-01,1530,1438,1330,4,""
2004-06-01,1521,1432,1328,3,""
2004-07-01,1506,1422,1327,4,""
2004-08-01,1496,1414,1322,4,""
2004-09-01,1487,1411,1319,4,""
2004-10-01,1476,1405,1316,3,""
2004-11-01,1474,1396,1312,3,""
2004-12-01,1487,1398,1307,4,""
2005-01-01,1476,1389,1303,5,""
2005-02-01,1469,1388,1301,6,""
2005-03-01,1463,1381,1297,7,""
2005-04-01,1456,1374,1293,7,""
2005-05-01,1449,1372,1293,7,""
2005-06-01,1439,1370,1291,8,""
2005-07-01,1433,1368,1287,9,""
2005-08-01,1424,1367,1283,9,""
2005-09-01,1421,1370,1275,5,""
2005-10-01,1410,1359,1266,5,""
2005-11-01,1409,1350,1264,4,""
2005-12-01,1403,1347,1263,5,""
2006-01-01,1397,1341,1259,6,""
2006-02-01,942,942,1252,311,""
2006-03-01,963,963,1249,287,""
2006-04-01,976,976,1243,268,""
2006-05-01,979,979,1239,261,""
2006-06-01,989,988,1236,247,""
2006-07-01,1000,1000,1227,227,""
2006-08-01,1016,1016,1223,207,""
2006-09-01,1021,1021,1213,192,""
2006-10-01,1037,1037,1207,170,""
2006-11-01,1029,1029,1205,176,""
2006-12-01,1033,1032,1200,170,""
2007-01-01,1076,1076,1192,118,""
2007-02-01,1075,1075,1186,112,""
2007-03-01,1075,1075,1186,112,""
2007-04-01,1066,1066,1182,117,""
2007-05-01,1059,1059,1178,119,""
2007-06-01,1058,1058,1172,114,""
2007-07-01,1063,1063,1170,107,""
2007-08-01,1053,1053,1169,116,""
2007-09-01,1047,1047,1159,112,""
2007-10-01,1050,1050,1156,106,""
2007-11-01,1043,1043,1152,109,""
2007-12-01,1037,1037,1143,106,""
2008-01-01,1074,1074,1141,80,""
2008-02-01,1054,1054,1137,84,""
2008-03-01,1043,1043,1139,96,""
2008-04-01,1058,1058,1136,90,""
2008-05-01,1041,1041,1135,94,""
2008-06-01,1041,1041,1134,93,""
2008-07-01,1040,1040,1132,94,""
2008-08-01,941,941,1130,189,""
2008-09-01,1036,1036,1129,93,""
2008-10-01,1045,1045,1131,88,""
2008-11-01,1036,1036,1130,94,""
2008-12-01,1025,1025,1121,96,""
2009-01-01,1022,1022,1112,92,""
2009-02-01,1015,1015,1111,96,""
2009-03-01,1013,1013,1104,91,""
2009-04-01,1009,1009,1099,90,""
2009-05-01,1006,1006,1095,89,""
2009-06-01,1004,1004,1095,91,""
2009-07-01,1002,1002,1090,89,""
2009-08-01,998,998,1087,89,""
2009-09-01,1031,1030,1083,53,""
2009-10-01,1046,1046,1079,33,""
2009-11-01,1041,1041,1073,32,""
2009-12-01,1041,1041,1070,29,""
2010-01-01,1039,1039,1062,24,""
2010-02-01,1031,1031,1060,29,""
2010-03-01,1028,1028,1053,25,""
2010-04-01,1039,1039,1052,13,""
2010-05-01,1039,1039,1052,13,""
2010-06-01,1030,1030,1044,14,""
2010-07-01,1031,1031,1044,13,""
2010-08-01,1030,1030,1043,13,""
2010-09-01,1030,1030,1041,11,""
2010-10-01,1022,1022,1035,13,""
2010-11-01,1018,1018,1030,12,""
2010-12-01,1017,1017,1028,11,""
2011-01-01,1008,1008,1017,9,""
2011-02-01,1008,1008,1016,8,""
2011-03-01,1005,1005,1014,9,""
2011-04-01,1003,1003,1011,8,""
2011-05-01,999,999,1008,9,""
2011-06-01,999,999,1007,8,""
2011-07-01,997,997,1004,8,""
2011-08-01,990,990,998,8,""
2011-09-01,987,987,996,9,""
2011-10-01,985,985,994,9,""
2011-11-01,983,983,990,9,""
2011-12-01,975,975,984,9,""
2012-01-01,971,971,981,10,""
2012-02-01,970,970,981,11,""
2012-03-01,968,968,980,12,""
2012-04-01,968,968,980,12,""
2012-05-01,962,962,974,12,""
2012-06-01,958,958,972,14,""
2012-07-01,957,957,970,13,""
2012-08-01,955,955,971,16,""
2012-09-01,952,952,968,16,""
2012-10-01,951,951,966,15,""
2012-11-01,950,950,965,15,""
2012-12-01,947,947,962,15,""
2013-01-01,947,947,960,13,""
2013-02-01,945,945,961,16,""
2013-03-01,945,945,963,18,""
2013-04-01,944,944,962,18,""
2013-05-01,944,944,963,19,""
2013-06-01,941,941,964,23,""
2013-07-01,945,945,962,18,""
2013-08-01,938,938,956,18,""
2013-09-01,932,932,951,19,""
2013-10-01,927,927,947,20,""
2013-11-01,920,920,941,21,""
2013-12-01,913,913,934,21,""
2014-01-01,907,907,928,21,""
2014-02-01,899,899,921,22,""
2014-03-01,894,894,916,22,""
2014-04-01,886,886,905,19,""
2014-05-01,878,878,899,21,""
2014-06-01,872,872,894,22,""
2014-07-01,880,879,889,9,""
2014-08-01,864,864,883,19,""
2014-09-01,854,854,874,20,""
2014-10-01,852,851,864,12,""
2014-11-01,843,842,855,12,""
2014-12-01,834,833,847,13,""
2015-01-01,826,826,839,13,""
2015-02-01,813,813,834,21,""
2015-03-01,810,810,831,21,""
2015-04-01,810,809,829,19,""
2015-05-01,801,801,820,19,""
2015-06-01,793,793,815,22,""
2015-07-01,784,784,802,18,""
2015-08-01,765,765,788,23,""
2015-09-01,758,758,779,21,""
2015-10-01,753,752,772,19,""
2015-11-01,738,738,762,24,""
2015-12-01,722,722,745,23,""
2016-01-01,721,721,738,17,""
2016-02-01,710,710,733,23,""
2016-03-01,700,700,724,24,""
2016-04-01,696,696,713,17,""
2016-05-01,676,676,702,26,""
2016-06-01,669,669,694,25,""
2016-07-01,667,666,686,19,""
2016-08-01,651,650,675,24,""
2016-09-01,639,639,665,26,""
2016-10-01,630,630,654,24,""
2016-11-01,627,627,648,27,""
2016-12-01,613,613,641,28,""
2017-01-01,609,608,629,20,""
2017-02-01,599,599,624,25,""
2017-03-01,595,595,621,26,""
2017-04-01,588,588,612,24,""
2017-05-01,579,579,603,25,""
2017-06-01,572,572,596,24,""
2017-07-01,580,579,594,14,""
2017-08-01,565,565,587,22,""
2017-09-01,560,560,581,21,""
2017-10-01,574,573,579,5,""
2017-11-01,562,562,577,15,""
2017-12-01,556,556,572,16,""
2018-01-01,562,559,566,4,""
2018-02-01,549,549,563,14,""
2018-03-01,541,541,555,14,""
2018-04-01,537,536,547,10,""
2018-05-01,526,525,539,13,""
2018-06-01,522,522,535,13,""
2018-07-01,525,523,529,4,""
2018-08-01,509,509,523,14,""
2018-09-01,503,503,517,14,""
2018-10-01,502,501,513,11,""
2018-11-01,489,489,504,15,""
2018-12-01,486,486,495,15,""
2019-01-01,484,482,490,6,""
2019-02-01,469,469,486,17,""
2019-03-01,467,467,486,19,""
2019-04-01,466,465,481,15,""
2019-05-01,462,462,476,14,""
2019-06-01,466,465,474,8,""
2019-07-01,463,461,471,8,""
2019-08-01,446,446,463,17,""
2019-09-01,444,443,462,18,""
2019-10-01,447,447,461,14,""
2019-11-01,441,441,461,20,""
2019-12-01,431,430,451,20,""
2020-01-01,439,439,449,10,""
2020-02-01,423,423,443,20,""
2020-03-01,423,423,443,20,""
2020-04-01,426,426,441,15,""
2020-05-01,421,421,440,19,""
2020-06-01,416,415,435,19,""
2020-07-01,422,422,434,12,""
2020-08-01,415,415,428,13,""
2020-09-01,412,412,426,14,""
2020-10-01,408,408,426,18,""
2020-11-01,399,397,420,21,""
2020-12-01,398,397,420,22,""
2021-01-01,401,400,414,13,""
2021-02-01,393,393,414,21,""
2021-03-01,392,391,413,21,""
2021-04-01,390,389,406,16,""
2021-05-01,377,376,397,20,""
2021-06-01,371,370,391,20,""
2021-07-01,373,372,386,13,""
2021-08-01,364,363,384,20,""
2021-09-01,363,362,383,20,""
2021-10-01,365,364,381,16,""
2021-11-01,360,359,381,21,""
2021-12-01,358,357,379,21,""
2022-01-01,365,363,378,13,""
2022-02-01,357,356,376,19,""
