вид недостатка,случаев,банков,с,по
отчётность после отзыва лицензии (ликвидация),17543,454,1998-01-01,2008-07-01
нет валюты баланса,9039,611,1998-01-01,2022-02-01
дыра в линии банка,5928,464,1998-06-01,2021-12-01
"остатки восстановлены, оборотов нет",5611,1943,1998-01-01,2020-09-01
"лицензия действовала, отчётности нет",4132,660,1998-01-01,2022-02-01
нет деления остатков на рубли и валюту: в обоих источниках валюта записана в рублёвый столбец,3207,457,2006-02-01,2006-12-01
деление на рубли и валюту взято из файлов Access,1002,272,2000-09-01,2006-12-01
вид прекращения лицензии не установлен,487,487,1993-09-21,2022-01-01
дата отзыва раньше последней отчётности,411,411,1992-01-21,2004-11-30
причина отзыва не установлена,256,256,1992-01-21,2021-03-12
сумма долей листьев не равна единице,100,64,2000-09-01,2020-03-01
скачок валюты баланса,65,37,1998-08-01,2021-01-01
нет деления остатков на рубли и валюту,59,49,2000-09-01,2019-09-01
нет даты начала лицензии,50,50,,
баланс не сходится,47,22,2000-09-01,2020-03-01
нет отчётной даты в базе,3,0,1998-03-01,1998-05-01
