рег. номер,название,дата отзыва,приказ,наша разметка причины,источник разметки,уточнение
2615,АНТЕЙ,1998-12-28,,economic,09c,
3241,СОЮЗ-УНИВЕРСАЛ-БАНК,1998-12-28,,economic,09c,
521,"ОАО Агропромбанк ""БАШКИРИЯ""",1998-12-31,ОД-640,economic,09c,
2886,"КБ ""МИРОД-БАНК""",1999-01-12,ОД-6,other,09c,
2040,"""ТатОНЭКСИМ БАНК""",1999-01-21,ОД-16,other,09c,
2892,"ЯАКИКБ ""Воскресение""",1999-02-02,,economic,09c,
939,"КБ ""СТАКБАНК""",1999-02-05,,other,09c,
1061,"АКБ ""Сибирский банк""",1999-02-05,,economic,09c,
2414,ЗАПАДНО-СИБИРСКИЙ БАНК РАЗВИТИЯ,1999-02-15,,other,09c,
2623,КАРАВАН,1999-02-15,ОД-52,economic,09c,
1571,ЭРЗИ,1999-02-15,ОД-53,economic,09c,
2022,БЕК,1999-02-26,ОД-64,economic,09c,
1373,ЗЕМЕЛЬНЫЙ БАНК,1999-03-10,,economic,09c,
2658,"""РУСЛАНБАНК""",1999-03-10,ОД-76,other,09c,
1220,Востсибкомбанк,1999-03-10,,economic,09c,
2952,ПОЛИСБАНК,1999-03-10,ОД-84,other,09c,
2077,ИДЕЛЬ-УРАЛ ИННОВАЦИОННЫЙ,1999-03-10,ОД-82,economic,09c,
3113,ПРИМЕР БАНК,1999-03-10,ОД-75,other,09c,
2566,"АКБ ""БИС-КРЕДИТ""",1999-03-10,,economic,09c,
3114,"О.О.О. КБ ""Виктория-Альфа""",1999-03-22,,false_only,09c,
2177,"ООО КБ ""Росно-банк""",1999-03-23,ОД-108,economic,09c,
171,"""РОССТРОМБАНК""",1999-03-23,,economic,09c,
510,"АКБ ""ТЕКСТИЛЬ""",1999-04-08,,economic,09c,
542,"АКБ ""ЭКСПРЕСС-БАНК""",1999-04-08,ОД-133,economic,09c,
2141,МОСКОВСКИЙ ТРАСТОВЫЙ БАНК,1999-04-19,,other,09c,
1396,"УАКБ ""УНИКОМБАНК""",1999-05-18,,economic,09c,
3254,МВ,1999-05-18,,other,09c,
526,"АКБ ""Краснодарбанк""",1999-05-18,ОД-170,economic,09c,
561,"АКБ ""Контакт""",1999-05-18,,other,09c,
1735,"АКБ ""ЮНИБЕСТ""",1999-05-18,,other,09c,
2597,"АКБ ""ДЕРЖАВНЫЙ""",1999-05-18,,economic,09c,
1198,"МКБ ""ВИТТА""",1999-06-30,,economic,09c,
3155,КИБ ГПС,1999-06-30,,economic,09c,
527,"КБ ""Шура-банк"" ООО",1999-06-30,ОД-226,economic,09c,
306,"ОАО ""Межкомбанк""",1999-07-01,,economic,09c,
999,Мосбизнесбанк,1999-07-02,,economic,09c,
1449,Промстройбанк России,1999-07-02,,economic,09c,
1790,"УКБ ""СТАНДАРТ""",1999-07-29,,other,09c,
1322,ИНФОРМТЕХНИКА,1999-07-29,ОД-267,economic,09c,
1057,"ООО ККБ ""Бумба""",1999-07-29,ОД-270,economic,09c,
2633,ООО КСНбанк,1999-07-29,,economic,09c,
1678,"ООО ""Акцептбанк""",1999-07-29,,economic,09c,
3164,"АГБ ""Улан-Удэ банк""",1999-08-09,ОД-310,economic,09c,
1756,"ОАО СПБ ""Социумбанк""",1999-09-08,ОД-341,economic,09c,
38,"АКБ ""НЕФТЕХИМБАНК""",1999-09-08,ОД-340,economic,09c,
2526,"КБ ""АЭРОПОРТ"" ООО",1999-09-08,,other,09c,
3057,"КБ ""НКТ""",1999-09-08,,economic,09c,
2178,"АКБ ""Росэстбанк""",1999-10-01,,economic,09c,
2643,ИНВ.БАНК ПОДДЕРЖКИ ПРЕДПРИНИМАТЕЛЬСТВА,1999-10-01,,economic,09c,
2663,"ИНВЕСТИЦИОННЫЙ КОММЕРЧЕСКИЙ БАНК ""ТРАСТИНВЕСТБАНК"" (Товарищество с ограниченной ответственностью)",1999-10-04,,other,09c,
1796,"АКБ ""Профинбанк""",1999-10-19,,economic,09c,
2527,"Банк ""Почтовый""",1999-10-19,,economic,09c,
2806,"АКБ ""ДАЛЬЛЕСБАНК""",1999-10-19,ОД-396,other,09c,
250,ОАО ЭЛБИМ БАНК,1999-11-16,ОД-437,economic,09c,
2916,"КБ ""Союзавиакосмос""",1999-11-16,,economic,09c,
1833,"ООО КБ ""НУР""",1999-11-16,ОД-435,economic,09c,
207,"АКБ ""ДиалогБанк"" (ЗАО)",1999-11-16,,economic,09c,
2198,"ООО КИНБ ""ИНАРБАНК""",1999-11-16,,economic,09c,
3019,ДЕПОЗИТАРНО-КЛИРИНГОВЫЙ БАНК,1999-11-17,ОД-455,other,09c,
2819,"КБ ""Миссион-банк"" (ООО)",1999-11-17,,economic,09c,
3080,"КБ ""СОЛО-БАНК"" (ООО)",1999-11-26,,economic,09c,
2603,"ООО КБ ""Риндест""",1999-12-20,,economic,09c,
298,БУРЯТАВИАБАНК,1999-12-20,ОД-520,other,09c,
1848,ТИРУСКОМБАНК,1999-12-20,,economic,09c,
679,ЛАБИНСКИЙ,1999-12-20,ОД-514,economic,09c,
528,"КБ ""Дербентинвест"" ООО",1999-12-20,ОД-511,other,09c,
2936,"ООО КБ ""АЭРОБИЗНЕСБАНК""",1999-12-30,ОД-540,other,09c,
3188,"ООО КБ ""ИМПЭКО""",1999-12-30,ОД-541,other,09c,
2971,"ООО КБПФ ""Мордовия""",1999-12-30,ОД-543,economic,09c,
1741,РОСДОМБАНК,1999-12-30,,economic,09c,
1516,ФИНВЕСТБАНК,2000-02-15,,economic,09c,
2292,"АКБ ""МАПО-БАНК""",2000-02-15,,economic,09c,
2692,ИНТЕРГЛОБ,2000-03-24,,economic,09c,
215,"ООО КБ ""Машбанк""",2000-03-24,,economic,09c,
274,"КБ ""Технобанк""",2000-03-24,,economic,09c,
2434,РОСЭКСПОРТБАНК,2000-04-28,,economic,09c,
3081,"АКБ ""Земский Земельный Банк""",2000-04-28,,economic,09c,
1584,ММТБ,2000-04-28,,economic,09c,
1871,Акционерный Банк Малого Бизнеса (Открытое акционерное общество),2000-06-05,,economic,09c,
109,"КБ ""Актив"" (ООО)",2000-07-13,ОД-253,other,09c,
1070,"АКБ ""ЭЛЕКТРОБАНК""",2000-08-30,ОД-302,economic,09c,
2520,"АКБ ""НЕФТЯНОЙ КАПИТАЛ""",2000-08-30,,economic,09c,
2036,"ЗАО ""Частный банк""",2000-08-30,,economic,09c,
340,"ООО КБ ""КОМИ ЭКСИМБАНК""",2000-09-07,,economic,09c,
1886,"АБ ""ЭксНет""",2000-09-07,,other,09c,
3109,ФЛАМИНГО-БАНК,2000-10-18,ОД-424,economic,09c,
3152,"АКБ ""МБР""",2000-11-20,ОД-508,economic,09c,
2329,"Банк ""ЗОЛОТОЙ ВЕК""",2000-11-20,ОД-507,economic,09c,
559,"КАБ ""КУЗБАССОЦБАНК""",2000-12-07,,economic,09c,
451,ЯКУТИЯ,2000-12-07,,false_only,09c,
1418,"АКБ ""Мир""",2001-04-16,,economic,09c,
1582,"ОАО КБ ""Мост-Банк""",2001-04-20,ОД-137,economic,09c,
1726,"ОАО ""Махачкалапромстройбанк""",2001-05-18,ОД-152,economic,09c,
3145,"ООО КБ ""Бизнес-Паритет""",2001-05-18,,economic,09c,
2665,"АКБ ""Диамант""",2001-06-15,,false_only,09c,
1742,"КБ ""ТАГАНСКИЙ""",2001-06-15,,other,09c,
2541,"""Руспромбанк"" (ООО)",2001-06-15,ОД-187,other,09c,
486,"АКБ ""Бизнес""",2001-07-25,ОД-250,economic,09c,
2630,"КБ ""Инвесткредит""",2001-07-26,ОД-254,false_only,09c,
2858,"АКБ ""ПАМБ""",2001-08-16,,economic,09c,
3232,"СЗ АКБ ""КАРТЕЛЬБАНК""",2001-09-17,,economic,09c,
2357,"ОАО КБ ""ИНФОБАНК""",2001-09-17,ОД-321,economic,09c,
2308,"""МБТиС""",2001-09-17,ОД-322,economic,09c,
2791,"ЗАО ""Банк ВДНХ""",2001-10-05,ОД-343,economic,09c,
2987,"АКБ ""ИНТЕЛЛЕКТ-БАНК""",2001-10-29,,false_only,09c,
2822,"АКБ ""Рязаньуниверсалбанк""",2001-11-14,ОД-389,other,09c,
2418,"КБ ""Инпромтехбанк"" (ООО)",2001-12-25,ОД-463,economic,09c,
2689,"ЗАО КБ ""Форбанк-СПБ""",2001-12-25,,economic,09c,
3264,"ООО КБ ""Внешкредитбанк""",2002-01-14,ОД-20,economic,09c,
2895,"ООО ""ТИКБ""",2002-01-14,,economic,09c,
2476,ЕСбанк (ООО),2002-01-14,ОД-19,other,09c,
461,"АКБ ""Соцкомбанк"" (ЗАО)",2002-03-05,,economic,09c,
2642,"ООО КБ ""Союзный банк развития""",2002-04-02,,economic,09c,
1837,"АГИБ ""АНАПА-ИНВЕСТ"" (ООО)",2002-04-03,ОД-170,other,,
2979,ОАО Банк ИБК,2002-04-30,ОД-269,economic,,
2878,"АКБ ""Объединенный промышленный банк""",2002-05-13,ОД-420,economic,,
1443,"ООО ""РИФМА-БАНК""",2002-05-13,ОД-279,economic,09c,
1328,"КБ ""ИНТУРБАНК"" ООО",2002-05-13,ОД-278,economic,09c,
3118,"ООО КБ ""Второй Банк""",2002-05-28,,other,09c,
1658,"ОАО ""МБМ-Банк""",2002-06-19,ОД-402,economic,,
2521,"ООО КБ ""МР-БАНК""",2002-06-26,,other,,
3005,"КБ ""НТПБ"" ООО",2002-08-13,ОД-502,false_only,,
2242,"АКБ ""Новатор""",2002-08-20,ОД-532,economic,,
219,"ООО ""Комторгбанк""",2002-08-20,ОД-534,false_only,,
3352,"НКО ООО ""СНП КРЕДИТ""",2002-08-27,,economic,,
313,"Банк ""Якиманка""",2002-09-19,ОД-605,false_only,,
1520,"ООО МКБ ""ДАИР""",2002-09-19,,economic,,
373,Местбанк,2002-10-10,ОД-674,economic,,
2446,"ККБ ""АТЛАНТБАНК"" (ЗАО)",2002-10-10,ОД-672,economic,,
3142,"""Межинвестбанк"" ООО",2002-10-31,ОД-720,other,,
3387,"ЗАО НКО ""Волга-Теза""",2002-12-10,ОД-797,economic,,
69,"ООО КБ ""Стройинвест""",2002-12-18,ОД-811,economic,09c,
234,"КБ ""Первый Городской Банк"" (ОАО)",2002-12-18,,economic,,
3007,"ЗАО АКБ ""Лесобанк""",2003-01-30,,economic,09c,
1703,"ОАО АКБ ""Объединенный банк""",2003-04-17,ОД-191,economic,09c,
1863,"ООО МКБ ""ЭнергоСберБанк""",2003-04-17,ОД-193,economic,,
2284,"АКБ ""КАЗАКБАНК""",2003-04-30,ОД-218,economic,09c,
1513,"КБ ""ПРИМА-БАНК"" (ООО)",2003-06-17,ОД-308,false_only,,
1994,"ОАО КБ ""Андреевский""",2003-07-03,ОД-359,economic,,
1590,"КБ ""Военный Банк"" ОАО",2003-09-03,ОД-473,economic,,
3366,"""РИБ"" (ООО)",2003-09-19,ОД-505,economic,,
2561,"КБ ""КОПФ""",2003-09-19,ОД-506,other,,
3110,"КБ ""ТВК Банк"" (ООО)",2003-09-19,ОД-504,economic,,
2570,"АБ ""Сахабилиибанк"" (ОАО)",2003-11-25,ОД-644,other,,
3219,"ЗАО КБ ""Резервный""",2003-11-27,ОД-657,economic,,
3246,"АКБ ""ЯРМАРОЧНЫЙ БАНК"" ЗАО",2003-12-30,ОД-714,economic,,
1315,"АБ ""ИМПЕРИАЛ"" (ОАО)",2004-01-20,ОД-20,economic,09c,
1728,"КБ ""Легпромбанк"", ООО",2004-02-09,ОД-61,economic,09c,
2246,ОАО Пермский банк развития,2004-03-24,ОД-130,economic,,
2832,"""НЕФТЕГАЗБАНК"" (ЗАО)",2004-04-27,ОД-261,economic,09c,
1601,"ООО КБ ""Содбизнесбанк""",2004-05-12,ОД-337,aml,09c,
1018,ООО Новочеркасский городской банк,2004-05-28,ОД-448,economic,,
2993,"АКБ ""Кредиттраст""",2004-06-23,ОД-533,false_only,09c,
3220,КБС (ЗАО),2004-07-28,ОД-589,economic,09c,
2206,"ИК ""Мосжилстройбанк"" (ООО)",2004-07-28,ОД-591,economic,09c,
2847,"АКБ ""Промэксимбанк"" ЗАО",2004-07-28,ОД-590,other,09c,
3092,"ООО КБ ""РИКОМ""",2004-07-28,ОД-592,economic,,
3107,"Банк ""Диалог-Оптим"" (ООО)",2004-08-10,ОД-612,economic,09c,
2930,"ОАО Банк ""Павелецкий""",2004-08-12,ОД-616,economic,09c,
1523,"ООО ""БСР""",2004-09-06,ОД-657,false_only,09c,
3051,"КБ ""Меритбанк"" ООО",2004-09-09,ОД-661,economic,,
3358,"ЗАО КБ ""ФТБ""",2004-09-28,ОД-685,economic,,
1834,"ООО КБ ""Стайл-Банк""",2004-10-07,ОД-696,economic,,
1334,"ООО ""ГУБЕРНСКИЙ БАНК ""ТАЙМЫР""",2004-10-26,ОД-733,economic,,
2293,"ОАИБ ""ИНВЕСКО-БАНК"" ЗАО",2004-10-26,ОД-737,economic,,
2508,"ОАО КБ ""РФГ-Банк""",2004-10-26,ОД-735,other,,
2162,"АКБ ""ВНЕШАГРОБАНК"" (ОАО)",2004-11-10,ОД-767,economic,,
3425,"КБ ""Вертикаль"" (ООО)",2004-11-23,ОД-826,economic,,
1483,"ООО КБ ""ЯРБАНК""",2004-11-23,ОД-822,economic,,
3253,"ОАО АКБ ""РНИБ""",2004-11-23,ОД-824,economic,,
3331,"ООО ""Курганинкасс""",2004-11-30,ОД-836,economic,,
2709,"ООО КБ ""Большая Волга""",2004-11-30,ОД-838,other,,
2505,"ОАО АКБ ""Родник""",2004-12-07,ОД-849,economic,,
3297,"КБ ""НАЦИОНАЛЬНЫЙ"" (ООО)",2004-12-08,ОД-851,economic,,
928,"ООО ""Удмуртпромстройбанк""",2004-12-15,ОД-869,economic,,
1892,"ОАО ""АСБ-банк""",2004-12-29,ОД-895,economic,09c,
2959,"АКБ ""Онэст Банк"" ЗАО",2005-01-12,ОД-5,other,,
3162,"АКБ ""СОЮЗОБЩЕМАШБАНК"" (ОАО)",2005-01-19,ОД-19,economic,,
1934,"ОАО МКБ ""Кристалбанк""",2005-01-26,ОД-41,economic,,
2057,"ОАО САКБ ""АКА БАНК""",2005-02-10,ОД-62,aml,,
1625,"ЗАО КБ ""Олимпийский""",2005-02-10,ОД-64,economic,,
1138,"АКБ ""ПРЕСНЯ-БАНК"" (ЗАО)",2005-03-10,ОД-114,economic,,
2899,"КБ ""НРБ"" ООО",2005-03-10,ОД-112,economic,09c,
1855,"ООО Банк ""Инвестрасчет""",2005-03-17,ОД-142,aml,,
3428,"ООО КБ ""РФО""",2005-04-21,ОД-265,economic,,
2601,"КБ ""Подворье Банк"" (ООО)",2005-05-06,ОД-295,other,,
2962,"ЗАО АКБ ""ГРАНИТ""",2005-05-12,ОД-306,false_only,,
2963,"ООО ""ЛИОС-БАНК""",2005-05-12,ОД-304,economic,,
2159,"""БПК"" (ЗАО)",2005-05-19,ОД-325,aml,,
3243,"ОАО РНКО ""АВТОДОР""",2005-06-10,ОД-359,aml,,
2826,"КБ ""Еврозапсиббанк"" (ООО)",2005-06-16,ОД-379,aml,09c,
3389,"ООО ""МНКО Ростов-на-Дону""",2005-06-30,ОД-399,economic,,
2139,"ООО КБ ""ВЕК-БАНК""",2005-06-30,ОД-397,aml,,
3258,"АКБ ""НОВЫЙ РУССКИЙ БАНК""",2005-07-08,ОД-415,aml,,
2096,"ОАО КБ ""ЮСТИБАНК""",2005-07-08,ОД-417,false_only,,
2047,"ООО Банк ""РБК""",2005-07-14,ОД-433,economic,,
1696,"КБ ""МБЭР"" (ООО)",2005-07-20,ОД-443,economic,09c,
1921,"ОАО КБ ""Комисоцбанк""",2005-08-03,ОД-458,other,09c,
3327,"ЗАО ""БРЦ""",2005-08-03,ОД-457,aml,09c,
3157,"АКБ ""ДЕЛОВАЯ МОСКВА"" (ОАО)",2005-08-04,ОД-455,aml,,
2585,"ОАО КБ РГП ""ИнтеРУС-БАНК""",2005-08-10,ОД-473,aml,,
2730,"ООО ""НКБ""",2005-08-17,ОД-492,aml,,
1947,"ОАО КФЗБ ""Арат""",2005-08-24,ОД-505,false_only,,
3103,"ООО КБ ""ЭМАЛ""",2005-08-24,ОД-507,aml,,
94,"ООО ""ОПТИМУМБАНК""",2005-08-31,ОД-514,other,,
3074,"КБ ""АРБАТ-БАНК"" ООО",2005-09-08,ОД-526,aml,09c,
3196,"""Алмаззолото банк""",2005-09-08,ОД-528,false_only,,
3032,"АКБ ""АЛГОНБАНК"" (ЗАО)",2005-09-14,ОД-537,economic,,
2075,"ООО ""НЭП Банк""",2005-09-14,ОД-539,economic,09c,
1255,"ООО Банк ""Пошехонский""",2005-10-26,ОД-612,economic,,
2977,"ООО КБ ""БАНК КРФ""",2005-11-11,ОД-641,other,,
3075,"КБ ""МакПромБанк"" (ООО)",2005-12-05,ОД-686,economic,09c,
1758,"АКБ ""НАЦИОНАЛЬНЫЙ КАПИТАЛ"" (ЗАО)",2005-12-05,ОД-684,economic,,
2399,"ООО КБ ""ЖИЛСТРОЙЭКОНОМБАНК""",2006-01-12,ОД-8,aml,09c,
978,"ООО КБ ""ГАЛИЧКОМБАНК""",2006-01-12,ОД-9,aml,,
938,"ОАО КБ ""Орион""",2006-01-23,ОД-33,aml,,
2887,"ООО ИКБ ""СТОЛИЧНЫЙ КАПИТАЛ""",2006-01-25,ОД-42,aml,,
1847,"ООО КБ ""Роскомветеранбанк""",2006-01-25,ОД-40,aml,09c,
3426,"НКО ""ИНКАБОР"" (ЗАО)",2006-02-01,,other,,
2841,"ЗАО УАКБ ""МИРКОМБАНК""",2006-02-09,,aml,,
689,"ОАО ""МАРКЕТИНГБАНК""",2006-02-15,,other,,
971,"ООО ""Делна банк""",2006-02-26,,aml,,
3158,"ООО КБ ""ПАНЭМСТРОЙБАНК""",2006-03-22,,aml,,
2976,РПБ (ЗАО),2006-03-22,,aml,,
1436,"КБ ""БИ-СИ-ДИ-БАНК"" ООО",2006-03-22,,other,09c,
795,"ООО КБ ""Арчекас""",2006-03-29,,aml,,
3438,"НКО ""НРКО"" (ООО)",2006-03-29,,aml,,
2367,АКБ Инвестиций и Технологий (ЗАО),2006-04-04,,aml,09c,
2840,ООО КСКБ,2006-04-05,,aml,,
3076,"ООО КБ ""РТБ-Банк""",2006-04-20,,other,,
2934,"ОАО БАНК ""РФТ""",2006-04-20,,aml,,
3133,"АКБ ""МЕЖПРОМБАНК"" (ОАО)",2006-04-20,,other,09c,
3230,"АКБ ""АЛЬЯНС-КАПИТАЛ"" (ОАО)",2006-04-26,,other,,
1423,"ООО КБ ""Нефтяной""",2006-05-04,,aml,,
1170,"""РФО Банк"" ООО""",2006-05-10,,false_only,,
2640,"АКБ ""Петровка"" (ЗАО)",2006-05-31,,economic,,
1890,"ООО ""МОСПРОМБАНК""",2006-06-07,,aml,,
3148,"""ЕРКБ"" (ООО)",2006-06-07,,aml,09c,
2872,"ООО КБ ""ИФКО-БАНК""",2006-06-15,,aml,09c,
2940,"ЗАО ""СТРОЙБАНК""",2006-06-15,,aml,,
1421,"ОАО ""ВИП-БАНК""",2006-06-15,,aml,,
3412,"КБ ""ЭКСИТОН"" (ООО)",2006-06-22,,aml,,
3355,"ООО КБ ""ЮНИОН-ТРЭЙД""",2006-06-22,,aml,,
3376,"ООО КБ ""ЕАФА-БАНК""",2006-06-27,,aml,,
2266,"ОАО ""БРПП""",2006-06-27,,aml,09c,
2792,"""Федеральный банк развития"" (ОАО)",2006-07-14,,aml,,
470,"ООО КБ ""Мособлинвестбанк""",2006-07-14,,economic,09c,
3363,"ОАО КБ ""ИНТЕРКОНТАКТ""",2006-07-26,,aml,09c,
209,"ООО КБ ""ФОНОН""",2006-08-09,,aml,09c,
2102,"КБ ""Банк инвестиций и кредитования"" (ООО)",2006-08-10,,aml,09c,
2489,"ЗАО ""ФПБ""",2006-08-23,,aml,,
2991,"УКБ ""Центурион"" (ООО)",2006-08-23,,aml,,
2525,"АКБ ""УниверБанк"" (ОАО)",2006-08-23,,aml,09c,
3169,"ООО КБ ""ОТБанк""",2006-08-30,,aml,,
3362,"ООО Банк ""ТФК""",2006-08-30,,aml,,
1234,"ООО МКБ ""ДИСКОНТ""",2006-08-31,,aml,09c,
1041,"КБ ""НЕМАН"" (ООО)",2006-09-05,,aml,,
2222,"ИКБ ""Инвесткомбанк БЭЛКОМ"" ООО",2006-09-08,,economic,,
3347,"НКО ООО ""КУМОСТ-ИНКАСС""",2006-09-20,,aml,,
2701,"АКБ ""РБИО"" (ОАО)",2006-09-20,,aml,09c,
3021,"КБ ""УСБ"" (ООО)",2006-09-27,,aml,,
2823,"ООО ""Торгово-инвестиционный Банк""",2006-09-27,,aml,,
2092,"ООО КБ ""Хард-банк""",2006-10-05,,aml,,
3146,"ООО КБ ""СТРОЙКРЕДИТИНВЕСТ""",2006-10-11,,other,09c,
1952,"ОАО КБ ""ЕВРОПРОМИНВЕСТ""",2006-11-03,,aml,09c,
2154,"ООО КБ ""Интерсвязьбанк""",2006-11-03,,aml,,
235,"ООО КБ ""Профбанк""",2006-12-05,,aml,,
1567,"МКБ ""Бадр-Форте Банк"" (ЗАО)",2006-12-05,,aml,09c,
3086,"КБ ""Мигрос"" (ОАО)",2006-12-20,,aml,,
3429,"ЗАО ""Альфа-Банк-Казань""",2006-12-20,,aml,09c,
2359,"""ЗАО АКБ ""ФАБЕР-БАНК""",2006-12-20,,aml,,
3191,"АКБ ""Инбанкпродукт"" ОАО",2006-12-21,,aml,09c,
2717,"АБ ""РИНК-БАНК"" ОАО",2006-12-26,,aml,,
2575,"АКБ ""ФОРПОСТ"" (ЗАО)",2006-12-26,,aml,09c,
3382,"ООО НКО ""Межрегиональный расчетный центр""",2007-01-17,,aml,09c,
1824,"ОАО ""Сибэкономбанк""",2007-01-17,,aml,,
2563,"ООО КБ ""ГРАДОБанк""",2007-01-24,,aml,,
3453,"КБ ""ЕВРОСТРОЙБАНК"" (ООО)",2007-01-24,,aml,,
3392,"ОАО КБ ""ГОРОДСКОЙ КЛИЕНТСКИЙ""",2007-01-31,,economic,09c,
3129,"КБ ""Рубин"" ООО",2007-03-09,,aml,,
3281,"ЗАО ""ГРКБ""",2007-03-19,,aml,09c,
3406,"ООО КБ ""Объединенный Кредитный Альянс""",2007-03-19,,aml,09c,
3305,"ООО ""МФД-Клиринг""",2007-03-22,,aml,,
2770,"ЗАО ""БРИ""",2007-03-28,,other,,
1687,"КБ ""ХАСАВЮРТОВСКИЙ ООО""",2007-03-28,,other,09c,
2501,"ОАО КБ ""Сибирский Банк развития""",2007-04-06,,aml,,
734,"ООО КБ ""Антарес""",2007-04-06,,aml,,
3225,"ООО КБ ""ДИАМОНД-БАНК""",2007-04-25,,aml,,
3210,"ООО ""ЭКСПОРТБАНК""",2007-04-25,,aml,,
3150,"КБ ""СПБРР"" ОАО",2007-05-02,,economic,09c,
750,"""ФКБ"" (ООО)",2007-05-10,,aml,,
603,"ОАО ""СТРОЙПРОМБАНК""",2007-05-10,,aml,,
3410,"ООО КБ ""ЭПИН-БАНК""",2007-05-10,,aml,09c,
1056,"ЗАО АКБ ""Лео-Банк""",2007-05-17,,aml,,
2833,"ЗАО ""ТАСКБАНК""",2007-05-17,,aml,09c,
741,"ОАО ""Мордовсоцбанк""",2007-06-06,,aml,,
3218,"АКБ ""ОБЩИЙ"" (ОАО)",2007-06-06,,aml,,
1782,"""ПИКО-БАНК"" ОАО",2007-06-20,,aml,,
2906,"АКБ ""Ярослав"" (ЗАО)",2007-07-09,,aml,,
943,"АКБ ""Алекскомбанк"" ЗАО",2007-07-25,,aml,,
1141,"ЗАО КБ ""Приволжское ОВК""",2007-08-15,,aml,09c,
2955,"ИКБ ""Эрмитаж"" (ООО)",2007-08-15,,aml,09c,
1200,"ОАО ""МБС""",2007-08-15,,aml,,
2612,"ОАО ""Волго-Дон банк""",2007-08-29,,aml,09c,
3029,"ООО КБ ""КОМИНБАНК""",2007-08-29,,aml,,
3259,"ЗАО КБ ""ИБЕРУС""",2007-09-05,,aml,,
2358,"ЗАО НКО ""АТИС""",2007-09-12,,aml,,
2514,"АКБ ""Фалькон"" (ОАО)",2007-09-19,,aml,,
3046,"КБ ""Инвестиционный Промэнергобанк"" (ОАО)",2007-09-26,,aml,,
3182,"ООО КБ ""АЛЬЯНС БАНК""",2007-09-26,,aml,,
740,"ООО КБ ""БЛАГОВЕСТ""",2007-09-26,,aml,,
2082,"ОАО КБ ""Магаданский""",2007-10-17,,aml,,
3108,"ЗАО ""Межсоцбанк""",2007-10-25,,false_only,,
2579,"КБ ""ЧК-БАНК"" (ООО)",2007-10-25,,aml,,
1435,"УКБ ""ЭРАБАНК"" ОАО",2007-10-25,,aml,,
2392,"ЗАО АКБ ""Имидж""",2007-11-01,,aml,,
1514,"ОАО ""ИБРР-банк""",2007-11-14,,aml,,
2118,"ОАО КБ ""ФУНДАМЕНТ-БАНК""",2007-11-14,,aml,,
2464,"ОАО КБ ""Р.И.Г.""",2007-11-19,,aml,,
224,"ООО МКБ ""САТУРН""",2007-11-26,,aml,09c,
1610,"КБ ""КРЕДИТ-КОНТАКТ"" (ООО)",2007-11-26,,aml,09c,
3448,"КБ ""БИКБАНК"" (ООО)",2007-11-26,,aml,,
3321,"ЗАО ""РП РВФБ""",2007-12-19,,aml,09c,
3208,"ОАО ""Банк Китеж""",2007-12-19,,aml,,
3374,"ООО ""ОБМБ""",2008-01-10,,aml,,
2893,"КБ ""Интелфинанс"" (ООО)",2008-01-16,,other,,
3369,"ООО КБ ""Банк промышленного развития""",2008-01-29,,aml,,
241,"ЗАО ""Рыбхозбанк""",2008-03-06,,economic,,
2373,"ОАО НАБ ""Крайний Север""",2008-03-12,,aml,,
2058,"ООО ""Мединвестбанк""",2008-05-12,,false_only,09c,
1569,"ООО КБ ""Красбанк""",2008-05-21,,aml,,
2891,"АКБ ""Кредитсоюзкомбанк"" (ЗАО)",2008-05-21,,aml,,
3348,"ООО КБ ""ПРОМКРЕДИТБАНК""",2008-06-05,,aml,,
1992,КБ Партнербанк ООО,2008-06-16,,false_only,,
3394,"""РРБ"" (ЗАО)",2008-07-03,,aml,,
2908,"АКБ ""Медпроминвестбанк"" (ОАО)",2008-07-03,,false_only,,
1668,"МАБЭС ""Сахалин-Вест"" ОАО",2008-08-06,,economic,,
3,"МАКБ ""ПРЕМЬЕР"" ЗАО",2008-08-27,,economic,,
2839,"МКБ ""Евразия-Центр"" (ЗАО)",2008-10-10,,economic,,
2848,"КБ ""ЮНИТБАНК"" (ЗАО)",2008-10-15,,economic,,
2686,"Банк ""Русский Банкирский Дом"" (ЗАО)",2008-10-23,,economic,,
2765,"ЗАО ""ЭКОНАЦБАНК""",2008-11-11,,economic,,
3361,"ЗАО ""МИРА-БАНК""",2008-11-12,,economic,,
1605,"АКБ ""Лефко-банк"" (ОАО)",2008-11-13,,economic,,
1915,"ОАО КБ ""Сибконтакт""",2008-11-19,,economic,,
1271,"ООО КИИБ ""СОЧИ""",2008-11-20,,economic,,
1218,АКБ Курганпромбанк (ОАО),2008-11-26,,economic,,
3215,"КБ ""ИНТЕГРО"" ОАО",2008-11-26,,economic,,
2419,"ОАО ""Тюменьэнергобанк""",2008-12-04,,other,,
3212,"ОАО КБ ""Газинвестбанк""",2008-12-04,,economic,,
2720,"АБ ""СНБ"" (ЗАО)",2008-12-18,,economic,,
1813,"""ЗелАК-Банк"" ОАО",2008-12-18,,economic,,
2039,"КБ ""Балткредобанк"" (ЗАО)",2008-12-18,,economic,,
3211,"ООО КБ ""Боровицкие ворота""",2008-12-25,,other,,
2625,"ООО КБ ""Капитал Кредит""",2008-12-26,,economic,,
119,"ОАО ""Агрохимбанк""",2008-12-29,,economic,,
844,"ОАО ""Комбанк ""Прикамье""",2009-01-19,,economic,,
118,"ОАО ""АСТРАХАНЬПРОМБАНК""",2009-01-26,,aml,,
3044,"КБ ""Московский Капитал"" (ООО)",2009-02-02,,economic,web_2026-10-05,
776,"ОАО КБ ""Каури""",2009-02-09,,economic,,
667,"ООО ""Урайкомбанк""",2009-02-10,,economic,,
1428,"ООО ИКБ ""Судкомбанк""",2009-02-18,,economic,,
2223,"ЗАО ""Банк ВЕФК-Урал""",2009-02-19,,other,,
2685,"ОАО ""ИНКАСБАНК""",2009-02-19,,economic,,
1731,"ОАО ""Муниципальный коммерческий банк""",2009-03-04,,economic,,
2478,"ОАО АБ ""Южный Торговый Банк""",2009-03-05,,other,,
3055,"ООО КБ ""НБР""",2009-03-18,,economic,09c,
2553,"КБ ООО ""Соцкредитбанк""",2009-03-18,,economic,,
1422,ОАО ФИБ,2009-03-30,,economic,,
3442,"КБ ""НПК-БАНК"" (ООО)",2009-03-30,,economic,,
346,"ООО КБ ""ФЕМИЛИ""",2009-04-15,,economic,,
3069,"КБ ""СМКБ"" (ООО)",2009-04-15,,economic,,
2336,"ЗАО АКБ ""Юникбанк""",2009-04-22,,economic,,
3227,"ОАО КБ ""ПЕТРО-АЭРО-БАНК""",2009-04-22,,false_only,,
2967,"ЗАО ""WDB-банк""",2009-05-06,,economic,,
2946,"КБ ""Столыпин"" (ЗАО)",2009-05-20,,aml,,
2931,"ОАО Банк ""Соотечественники""",2009-06-17,,economic,,
3156,КБИ Банк ООО,2009-06-24,,aml,,
3063,"КБ ""ИТ-Банк"" (ООО)",2009-06-24,,economic,,
2371,"ЗАО АКБ ""ЮСБ""",2009-07-01,,economic,09c,
3432,"ООО ""Банк Евро Трейд""",2009-07-01,,economic,,
658,"ОАО ""Межрегфинкомбанк""",2009-07-10,,aml,,
3167,"КБ ""БВТ"" (ооо)",2009-07-29,,other,,
2750,"ОАО АКБ ""Град-Банк""",2009-08-19,,economic,,
2874,"ОАО КБ ""Вымпел""",2009-08-26,,economic,,
2844,"ОАО ""ВЕКОМБАНК""",2009-09-02,,economic,,
3280,МежБизнесБанк (ООО),2009-09-03,,aml,,
652,"ООО ""Комбанк ""Первомайский""",2009-09-23,,economic,,
2980,"КБ ""Либра"" ООО",2009-10-09,,economic,,
3445,"ООО КБ ""Взаимный банк""",2009-10-09,,economic,,
2565,"ООО КБ ""Универсал""",2009-10-28,,economic,,
3302,"МБ ""СЕНАТОР"" (ООО)",2009-10-28,,economic,,
2788,"ЗАО АКБ ""МИБ""",2009-11-18,,economic,,
98,"ООО КБ ""Кубань""",2009-11-18,,false_only,,
1904,"АБ ""Сир"" (ОАО)",2009-12-10,,economic,,
2365,"НКО ""МРП"" (ООО)",2009-12-17,,economic,,
2220,"ЗАО ""МЕГА БАНК""",2009-12-23,,economic,,
307,"ОАО КБ ""ПРОМБАНК""",2009-12-28,,aml,,
2926,"ЗАО АКГБ ""Арвеста""",2010-02-03,,economic,09c,
2560,"ОАО ""ТНГИБАНК""",2010-02-10,,economic,09c,
888,"ООО КБ ""Минераловодский""",2010-02-10,,economic,09c,
2653,"АКБ ""МИКОМС-Банк"" (ЗАО)",2010-02-18,,economic,09c,
1857,"АКБ ""С-БАНК"" (ЗАО)",2010-02-25,,economic,09c,
2925,"МКБ ""Объединенный горный банк"" (ООО)",2010-03-03,,other,09c,
1764,УП-банк (ОАО),2010-06-16,,false_only,09c,
2397,"ОАО ""ХОУМ-БАНК""",2010-07-07,,aml,09c,
3201,"АКБ ""Первый Капитал"" (ЗАО)",2010-08-12,,economic,09c,
3272,"Коммерческий банк ""СДБ"" (ООО)",2010-09-29,,aml,09c,
2056,"ЗАО ""Международный Промышленный Банк""",2010-10-04,,economic,09c,
2051,"АКБ ""Тройка"" (ОАО)",2010-10-20,,economic,09c,
2917,"КБ ""СОЦЭКОНОМБАНК"" ООО",2010-11-23,,economic,09c,
1065,"АКБ ""Традо-Банк"" (ЗАО)",2010-12-03,,economic,09c,
383,"АКБ ""СЛАВЯНСКИЙ БАНК"" (ЗАО)",2010-12-03,,false_only,09c,
2676,"""НКО ""Транштрейд"" ООО""",2010-12-13,,aml,09c,
3372,"КБ ООО ""ПриватХолдингБанк""",2010-12-13,,other,09c,
3119,"ОАО ""Уралфинпромбанк""",2010-12-20,,economic,09c,
3391,"ЗАО ""БДК""",2010-12-28,,false_only,09c,
1340,"ОАО ""НАШ БАНК""",2011-02-16,,aml,09c,
2809,"(ООО) КБ ""НЕОПОЛИС-БАНК""",2011-03-23,,economic,09c,
1342,"ООО КБ ""ВББ""",2011-04-13,,economic,09c,
1827,"ОАО КБ ""СОЦГОРБАНК""",2011-04-15,,other,09c,
2174,"ООО КБ ""РАТИБОР-БАНК""",2011-07-13,,economic,09c,
2820,"ООО ""АМТ БАНК""",2011-07-20,,false_only,09c,
3411,"КБ ""Евросоюз"" (ООО)",2011-08-25,,economic,09c,
2746,"АКБ ""КОДЕКС"" (ОАО)",2011-09-30,,economic,09c,
3090,"АКБ ""ГАЛАБАНК"" ЗАО",2011-10-03,,economic,09c,
1300,"ООО ""УИК-БАНК""",2011-10-31,,economic,09c,
1202,"ОАО НКО ""Тувакредит""",2011-10-31,,aml,09c,
3498,"КБ ""Еврорасчет"" (ООО)",2011-12-26,,economic,09c,
589,"ЗАО ""Вэлкомбанк""",2012-02-28,,economic,09c,
634,ПВ-Банк (ЗАО),2012-04-13,,economic,09c,
3030,"КБ ""Холдинг-Кредит"" ООО",2012-05-16,,false_only,09c,
3345,"ООО КБ ""Объединенный банк развития""",2012-06-15,,economic,09c,
1955,"ООО ""Витас Банк""",2012-06-29,,other,09c,
1812,"ЗАО АКБ ""Хлебобанк""",2012-07-27,,false_only,09c,
3325,ЗАО НКО МРЦ,2012-11-02,,economic,web_2026-10-05,
3106,"ООО ""ТРАНСЭНЕРГОБАНК""",2012-11-02,,economic,09c,
3346,"ОАО НКО ""Городской расчетный центр""",2012-11-12,,economic,09c,
2090,"ОАО АКЗБ ""ДЕРБЕНТ-КРЕДИТ""",2012-11-26,,economic,09c,
2780,"ООО КБ ""ТРАСТОВЫЙ БАНК""",2012-12-07,,aml,09c,
3424,"НКО ЗАО ""МежрегионКлирингЦентр""",2012-12-27,,other,09c,
3084,"ОАО АКБ ""ЭКСПРЕСС""",2013-01-21,,false_only,09c,
749,"Кизилюртовская РНКО ""Сулак"" ООО",2013-03-01,,aml,09c,
2836,"АБ ""БРП"" (ОАО)",2013-03-22,,other,09c,
3197,"МКБ ""ОДИНБАНК"" (ООО)",2013-08-09,,aml,09c,
2503,"АКБ ""ЕИБ"" ЗАО",2013-09-10,,other,09c,
2158,"АКБ ""БАСМАННЫЙ"" (ЗАО)",2013-09-19,,other,09c,
391,"ОАО ""АБ ""ПУШКИНО""",2013-09-30,,aml,09c,
3359,"ООО КБ ""НР Банк""",2013-10-07,,other,09c,
914,"КБ ""КБЦ"" /ООО/",2013-10-14,,aml,09c,
3315,"АКБ ""БРР"" (ОАО)",2013-10-14,,economic,09c,
546,"ОАО ""Принтбанк""",2013-10-25,,aml,09c,
3237,"КБ ""Первый Экспресс"" (ОАО)",2013-10-28,,false_only,09c,
155,"ООО КБСИ ""Стройиндбанк""",2013-11-11,,aml,09c,
2176,"""Мастер-Банк"" (ОАО)",2013-11-20,,aml,09c,
1626,"ЗАО КБ ""УРАЛЛИГА""",2013-11-20,,economic,09c,
715,"КБ ""НАФТАБАНК"" ООО",2013-11-28,,other,09c,
2029,"ОАО ""Смоленский Банк""",2013-12-13,,false_only,09c,
1677,"АБ ""БПФ"" (ЗАО)",2013-12-13,,economic,,
107,"АКБ ""Инвестбанк"" (ОАО)",2013-12-13,,other,09c,
2480,"ОАО Банк ""Аскольд""",2013-12-24,,economic,09c,
2192,"КБ ""Рублевский"" ООО",2013-12-24,,economic,09c,
3386,"ООО ""НРК""",2014-01-20,,false_only,09c,
2425,"ЗАСКБ ""НАДЕЖНОСТЬ"" ОАО",2014-01-20,,aml,09c,
2098,"АИБ ""Имбанк"" (ОАО)",2014-01-20,,false_only,,
3399,"КБ ""Природа"" (ООО)",2014-01-31,,other,09c,
2939,"""Мой Банк"" (ООО)",2014-01-31,,economic,,
2968,"КБ ""ЕВРОТРАСТ"" (ЗАО)",2014-02-11,,economic,09c,
2699,"АКБ ""ЛИНК-банк"" (ОАО)",2014-02-11,,other,09c,
2023,"КБ ""Сунжа"" ООО",2014-02-24,,aml,09c,
1909,"ООО КБ ""РИнгкомбанк""",2014-02-24,,aml,09c,
865,"НКО ""Ассигнация"" ООО",2014-02-24,,aml,09c,
1967,"ООО КБ ""Монолит""",2014-03-05,,economic,09c,
543,"КБСР ""Дагестан"" ООО",2014-03-05,,aml,09c,
1910,"ООО ""Банк РБ""",2014-03-05,,aml,09c,
2810,"ОАО АКБ ""Русский земельный банк""",2014-03-18,,aml,web_2026-10-05,
2581,"ЗАО ""С банк""",2014-03-18,,economic,,
18,"ОАО КБ ""Стройкредит""",2014-03-18,,false_only,09c,
3323,"НКО ЗАО ""МИГОМ""",2014-03-18,,aml,09c,
2436,"""Мой Банк. Ипотека"" (ОАО)",2014-03-26,,economic,09c,
1743,"ЗАО ""Сберинвестбанк""",2014-03-26,,aml,09c,
2302,"КБ ""Совинком"" ООО",2014-03-26,,other,,
639,"ООО КБ ""Каспий""",2014-04-17,,aml,,
991,"ОАО ""АФ Банк""",2014-04-17,,economic,,
2598,"ОАО Банк ""Западный""",2014-04-21,,false_only,,
2795,"ОАО ""НББ""",2014-04-24,,other,,
3370,"ООО КБ ""МК Банк""",2014-04-24,,aml,,
3477,"ООО ""Атлас Банк""",2014-05-05,,aml,,
1730,"ОАО ""ПРБ""",2014-05-05,,economic,,
2469,"Банк ""Навигатор"" (ОАО)",2014-05-13,,aml,,
2328,"ООО КБ ""ОГНИ МОСКВЫ""",2014-05-16,,economic,,
2037,"КБ ""Кредитимпэкс Банк"" (ООО)",2014-05-26,,other,,
3190,"КБ ""Кутузовский"" ООО",2014-05-26,,economic,,
1675,"АКБ ""Радиан"" (ОАО)",2014-06-02,,aml,,
2972,"БАНК ""СОФРИНО"" (ЗАО)",2014-06-02,,economic,,
2273,"ООО КБ ""Банк БФТ""",2014-06-02,,economic,,
2423,"ИАБ ""Диг-Банк"" (ОАО)",2014-06-23,,aml,,
1640,"ОАО МКБ ""Замоскворецкий""",2014-06-23,,economic,,
671,"ООО ""БАНК ФИНИНВЕСТ""",2014-07-07,,false_only,,
594,"ОАО ""ЕВРОСИБ БАНК""",2014-07-07,,aml,,
3435,"ООО КБ ""ИКФ""",2014-07-07,,economic,,
3326,ЗАО УРП,2014-07-11,,aml,09c,
3385,"КБ ""КРК"" (ОАО)",2014-07-11,,aml,09c,
3105,"ООО КБ ""АУЭРБАНК""",2014-07-25,,aml,,
347,"ООО ""НОВЫЙ КОММЕРЧЕСКИЙ БАНК""",2014-07-25,,aml,,
2586,"ОАО ""ЮНИКОРБАНК""",2014-07-25,,other,,
286,"Коммерческий Банк ""Аскания Траст"" (ООО)",2014-08-08,,economic,,
2264,"ОАО ""Северинвестбанк""",2014-08-08,,aml,,
2843,"КБ ""КИП-БАНК"" (ООО)",2014-08-08,,aml,,
3487,"РНКО ""РБЦ"" (ООО)",2014-08-18,,aml,,
2011,"ОАО АКБ ""ЭКОПРОМБАНК""",2014-08-18,,economic,,
2779,"КБ ""Арт-Банк"" (ООО)",2014-08-18,,economic,,
2462,"АКБ ""Онлайн Банк"" (ЗАО)",2014-08-28,,other,09c,
3308,ЗАО СРЦ,2014-09-11,,aml,,
3404,"ООО ""Трастовый Республиканский Банк""",2014-09-11,,other,,
2227,"""Банк24.ру"" (ОАО)",2014-09-16,,aml,,
3144,"АКБ ""ИнтрастБанк"" (ОАО)",2014-09-16,,economic,,
3062,КБ СССБ (ООО),2014-09-22,,aml,,
3317,"ЗАО ""СЕВЕРНАЯ КЛИРИНГОВАЯ ПАЛАТА""",2014-09-22,,economic,,
1244,"ООО КБ ""Первый депозитный""",2014-09-22,,other,,
1991,"ООО ""ЭСИДБАНК""",2014-09-30,,economic,,
3135,"ОАО БАНК ""ПРИОРИТЕТ""",2014-09-30,,economic,,
2965,"КБ ""СОЮЗПРОМБАНК"" ООО",2014-09-30,,other,,
2401,"ОАО Банк ""Народный кредит""",2014-10-09,,economic,,
2903,"ОАО АКБ ""Универсальный кредит""",2014-10-09,,economic,,
1617,"ООО КБ ""Донинвест""",2014-10-09,,economic,,
3521,"НКО ""ЮТИКПЭЙ"" (ООО)",2014-10-16,,aml,,
709,"ОАО Банк ""Пурпе""",2014-10-16,,aml,,
1035,"ОАО ККБ ""КРЕДИТБАНК""",2014-10-16,,aml,,
3400,"РНКО ""ЦМР"" (ООО)",2014-10-27,,economic,,
3322,"ЗАО НКО ""МУРП""",2014-10-27,,aml,,
3496,"НКО ""Финансовые услуги"" (ООО)",2014-10-27,,economic,,
653,"ОАО ГБ ""Симбирск""",2014-11-11,,other,,
3449,"ООО КБ ""Европейский Экспресс""",2014-11-11,,aml,,
1943,"ОАО Банк ""ПСБ""",2014-11-11,,economic,,
1684,"ЗАО ""БВА Банк""",2014-11-26,,other,,
625,Банк - Т (ОАО),2014-11-26,,economic,,
2922,"ООО КБ ""ПрестижКредитБанк""",2014-11-26,,economic,,
3381,"НКО ""Первый земельный РЦ"" (ООО)",2014-12-10,,aml,,
1282,"ОАО Инвестбанк ""БЗЛ""",2014-12-10,,economic,,
1250,"ОАО ""ТСБ""",2014-12-10,,aml,,
2652,"ООО ""ПК-Банк""",2014-12-19,,aml,,
917,"ЗАО ""ТЮМЕНЬАГРОПРОМБАНК""",2014-12-19,,economic,,
1153,"ОАО ""ВКБ""",2014-12-30,,economic,,
2232,"АКБ ""Адам Интернэшнл"" АО.",2015-01-20,,aml,,
2706,"ООО КБ ""Интеркапитал-Банк""",2015-01-20,,aml,,
622,"ООО КБ ""АкадемРусБанк""",2015-01-29,,economic,,
1222,ВЛБАНК (АО),2015-01-29,,economic,,
684,"ООО КБ ""Сургутский Центральный""",2015-02-11,,economic,,
2999,СБ Банк (ООО),2015-02-16,,economic,,
3513,"ООО НКО ""Дельта Кей""",2015-03-06,,aml,,
3286,"ООО ""Дагэнергобанк""",2015-03-24,,false_only,,
2330,"""Конгресс-Банк"" ОАО",2015-03-24,,economic,,
1951,"ООО ""ТАНДЕМБАНК""",2015-04-02,,economic,,
1043,"ЗАО ""Промсбербанк""",2015-04-02,,economic,,
1378,"ОАО ""Тихоокеанский Внешторгбанк""",2015-04-13,,economic,,
2108,"КБ ""Транснациональный банк"" (ООО)",2015-04-13,,false_only,,
2794,"ЗАО ""ИпоТек Банк""",2015-04-13,,other,,
1734,"ОАО ""ГАНЗАКОМБАНК""",2015-04-17,,aml,,
3491,"ООО ""Идеалбанк""",2015-04-17,,economic,,
3187,"КБ ""ЕДИНСТВЕННЫЙ"" (ООО)",2015-04-24,,aml,,
655,Таурус Банк (АО),2015-04-24,,other,,
3050,ЗАО СтройКомБанк,2015-05-13,,aml,,
2741,"КБ ""Траст Капитал Банк"" АО",2015-05-13,,aml,,
2071,"ООО ""Плато-банк""",2015-05-13,,economic,,
3174,"ООО КБ ""Транспортный""",2015-05-20,,economic,,
2471,"АО ""ПроБанк""",2015-05-20,,aml,,
1002,"АО Комсоцбанк ""Бумеранг""",2015-05-20,,economic,,
2548,"АО ""МЕТРОБАНК""",2015-06-01,,other,,
2734,"ООО КБ ""ОПМ-Банк""",2015-06-01,,false_only,,
385,"ОАО ""СИБНЕФТЕБАНК""",2015-06-01,,economic,,
2050,"АО БАНК ""РСКБ""",2015-06-10,,other,,
1956,"ООО КБ ""Инвест-Экобанк""",2015-06-10,,aml,,
3383,"НКО ""Евроинвест"" (ООО)",2015-06-10,,aml,,
2253,"КБ ""ВЕТБ"" АО",2015-06-10,,aml,09c,
3154,"АКБ ""АЗИМУТ"" (ПАО)",2015-06-19,,other,,
637,"КБ ""ИНВЕСТИЦИОННЫЙ СОЮЗ"" (ООО)",2015-06-19,,aml,,
3440,"ПАО КБ ""ТЭСТ""",2015-06-24,,aml,,
3267,"ОАО КБ ""МАСТ-Банк""",2015-06-24,,economic,,
1988,"АКБ ""ЭНО"" (ПАО)",2015-07-03,,aml,,
606,"КБ ""Гагаринский"" (АО)",2015-07-03,,aml,,
2324,"Банк ""Клиентский"" (АО)",2015-07-03,,aml,,
2657,"КБ ""Старый Кремль"" (ООО)",2015-07-03,,aml,,
1835,"ПАО ""Аделантбанк""",2015-07-10,,aml,,
854,"АБ ""Алданзолотобанк"" АО",2015-07-10,,aml,,
790,"ПАО ""Геленджик-Банк""",2015-07-17,,other,,
3120,"ПАО ""Тайм Банк""",2015-07-21,,other,,
2626,"АКБ ""ОБПИ"" (ПАО)",2015-07-21,,economic,,
948,"ЗАО ""М БАНК""",2015-07-24,,other,,
324,"ОАО ""БАНК РОССИЙСКИЙ КРЕДИТ""",2015-07-24,,false_only,,
3036,"""АМБ Банк"" (ПАО)",2015-07-24,,other,,
2382,"БАНК ""ТУЛЬСКИЙ ПРОМЫШЛЕННИК"" (ПАО)",2015-07-27,,economic,,
3049,"АКБ ""ДАЛЕТБАНК"" (АО)",2015-08-03,,aml,,
3319,"РНКО ""ФРЦ"" АО",2015-08-03,,aml,,
2617,"ООО КБ ""Банк Расчетов и Сбережений""",2015-08-03,,aml,,
2412,"ОАО АКБ ""Пробизнесбанк""",2015-08-12,,economic,,
2866,"РНКО ""МГБ"" ООО",2015-08-21,,aml,,
142,"АО ""ДАЛТА-БАНК""",2015-08-21,,aml,,
1060,"КБ ""БДБ"" (ООО)",2015-08-27,,aml,,
2902,"АКБ ""ЕВРОМЕТ"" (ПАО)",2015-08-27,,economic,,
1121,"Банк ""Смолевич"" (ПАО)",2015-09-08,,economic,,
3234,"ООО КБ ""Профит Банк""",2015-09-08,,other,,
3054,"ООО КБ ""Адмиралтейский""",2015-09-11,,aml,,
2712,"АО ""ТУСАРБАНК""",2015-09-18,,economic,,
2337,"АО ""Зернобанк""",2015-09-24,,other,,
3115,"КБ ""Анталбанк"" ООО",2015-09-24,,other,,
3128,БАНК ИТБ (АО),2015-10-06,,aml,,
1598,"ОАО АКБ ""Лесбанк""",2015-10-06,,other,,
2074,"""Объединенный национальный банк"" (ООО)",2015-10-06,,aml,,
2923,"ОАО Банк ""СОДРУЖЕСТВО""",2015-10-16,,economic,,
2668,"ЗАО КБ ""ЛАДА-КРЕДИТ""",2015-10-16,,economic,,
1003,"ООО ""ЛЕНОБЛБАНК""",2015-10-16,,economic,,
1777,"ПАО КБ ""ЕВРОКОММЕРЦ""",2015-10-23,,economic,,
2711,"АО ""Гринфилдбанк""",2015-10-23,,economic,,
1679,"ООО КБ ""ДОРИС БАНК""",2015-10-23,,economic,,
3503,"ООО ""Джаст Банк""",2015-11-02,,false_only,,
3229,"АКБ ""Бенифит-банк"" (ЗАО)",2015-11-02,,other,,
2992,"КБ ""БМБ"" (ООО)",2015-11-02,,economic,,
1946,ПАО АГРОИНКОМБАНК,2015-11-02,,economic,,
3367,"ООО КБ ""РБС""",2015-11-10,,economic,,
3497,"ООО НКО ""Тор Кредит""",2015-11-10,,economic,,
1059,"КБ ""МРБ"" (ООО)""",2015-11-10,,economic,,
2782,"ПАО АКБ ""РБР""",2015-11-10,,economic,,
1073,БАНК РСБ 24 (АО),2015-11-10,,aml,,
2890,"КБ ""ВИТЯЗЬ"" - (ООО)",2015-11-16,,economic,,
2644,"""БАНК ГОРОД"" (АО)",2015-11-16,,economic,,
1738,"АО ""НСТ-БАНК""",2015-11-16,,other,,
466,"ОАО КБ ""Максимум""",2015-11-23,,other,,
967,"ПАО АКБ ""Балтика""",2015-11-24,,other,,
3026,"ООО ""ИПОЗЕМбанк""",2015-11-24,,aml,,
1961,Связной Банк (АО),2015-11-24,,economic,,
2913,"""НОТА-Банк"" (ПАО)",2015-11-24,,economic,,
2957,"Банк ""Еврокредит"" (ООО)",2015-12-04,,economic,,
3071,"ООО КБ ""ФДБ""",2015-12-04,,economic,,
1939,"ООО КБ ""Ренессанс""",2015-12-14,,other,,
3384,"""Дил-банк"" (ООО)",2015-12-14,,economic,,
3364,"КБ ""КБР БАНК"" (ООО)",2015-12-14,,aml,,
3205,"АО ""РУССТРОЙБАНК""",2015-12-18,,economic,,
2856,"ООО КБ ""ЭРГОБАНК""",2016-01-15,,economic,,
3203,"АО АКБ ""Турбобанк""",2016-01-21,,aml,,
2244,"АО ""Мираф-Банк""",2016-01-21,,economic,,
3261,"ООО ""Внешпромбанк""",2016-01-21,,economic,,
2493,"ООО ""КБ ""МЕЖТРАСТБАНК""",2016-01-29,,economic,09c,
1987,"ЗАО ""МАБ""",2016-02-03,,economic,,
3423,"""Миллениум Банк"" (ЗАО)",2016-02-05,,economic,,
3373,"""РЕГНУМ БАНК"" (ООО)",2016-02-05,,false_only,,
2269,"КБ ""Альта-Банк"" (ЗАО)",2016-02-08,,economic,,
1657,"КБ ""ИНТЕРКОММЕРЦ"" (ООО)",2016-02-08,,economic,,
2547,"АКБ ""Капиталбанк"" (ПАО)",2016-02-15,,other,,
2654,"КБ ""Унифин"" АО",2016-02-15,,economic,,
3350,"ООО КБ ""Расчетный Дом""",2016-02-26,,aml,,
3256,"ООО КБ ""МИЛБАНК""",2016-02-26,,other,,
3278,"Банк ""ЦЕРИХ"" (ЗАО)",2016-02-26,,aml,,
927,"АКБ ""Акция"" ОАО",2016-03-03,,other,,
2928,"АО АКБ ""Банкирский Дом""",2016-03-03,,economic,,
2767,"ООО КБ ""РОСАВТОБАНК""",2016-03-04,,economic,,
3422,"""НАЦКОРПБАНК"" (АО)",2016-03-17,,economic,,
2167,"ПАО ""Банк Екатерининский""",2016-03-17,,aml,,
2896,"ПАО АКБ ""1Банк""",2016-03-17,,other,,
548,"АО ""СтарБанк""",2016-03-18,,other,,
1277,"Банк ""Богородский"" (ООО)",2016-03-24,,economic,,
3195,"КБ ""МИКО-БАНК"" ООО",2016-03-24,,other,,
3408,"АО ""СМАРТБАНК""",2016-03-28,,aml,,
2863,"ОАО КБ ""МВКБ""",2016-03-28,,economic,,
3206,"""Соверен Банк"" (АО)",2016-04-08,,other,,
2542,"АО ""ФИА-БАНК""",2016-04-08,,economic,,
1037,"ООО РНКО ""Майма""",2016-04-08,,aml,,
2849,"АКБ ""КРОССИНВЕСТБАНК"" (ОАО)",2016-04-11,,aml,,
3002,"ООО КБ ""Пульс Столицы""",2016-04-13,,economic,,
1697,ОКЕАН БАНК (АО),2016-04-13,,aml,,
2948,"АО АКБ ""Стелла-Банк""",2016-04-14,,aml,,
3378,"""Интерактивный Банк"" (ООО)",2016-04-26,,other,,
2073,"ОАО БАНК ""МБФИ""",2016-04-27,,other,,
2258,"АКБ ""Мострансбанк"" ОАО",2016-05-05,,other,,
1025,"ООО КБ ""Эл банк""",2016-05-05,,economic,,
3439,"КБ ""ДС-Банк"" (ООО)",2016-05-12,,false_only,,
2299,"АКБ ""ВЕК"" (АО)",2016-05-12,,economic,,
3441,"КБ ""БРТ"" (АО)",2016-05-27,,economic,,
3273,"АО ""ЕвроАксис Банк""",2016-05-27,,economic,,
2123,"ООО ""Промрегионбанк""",2016-05-30,,economic,,
1053,"КБ ""Финансовый стандарт"" (ООО)",2016-06-08,,economic,,
3472,"НКО ""КредитАльянс"" (ООО)",2016-06-08,,economic,,
2620,"АО КБ ""МБР-банк""",2016-06-17,,economic,,
138,"АО ""Рускобанк""",2016-06-21,,aml,,
3047,"КБ ""Интеркредит"" (АО)",2016-06-29,,economic,,
2537,"КБ ""ПРИСКО КАПИТАЛ БАНК"", АО",2016-06-29,,economic,,
3291,ООО ПЧРБ Банк,2016-07-01,,economic,,
1869,"ПАО КБ ""ЕвроситиБанк""",2016-07-07,,other,,
3262,"ООО РИКБ ""Ринвестбанк""",2016-07-14,,economic,,
1868,"АО ""Арксбанк""",2016-07-19,,other,,
2801,"АКБ ""СТРАТЕГИЯ"" (ПАО)",2016-07-21,,economic,,
2937,"Банк ""АББ"" (АО)",2016-07-21,,aml,,
5,"Банк ""Кредит-Москва"" (ПАО)",2016-07-22,,economic,,
3068,"КБ ""БФГ-Кредит"" (ООО)",2016-07-27,,economic,,
3476,"АКБ ""Терра"" ЗАО",2016-07-28,,other,,
793,"ООО КБ ""КРЕДО ФИНАНС""",2016-07-28,,aml,,
2728,"АО ""Промэнергобанк""",2016-08-05,,other,,
2228,"АО АКБ ""Констанс-Банк""",2016-08-05,,economic,,
2919,"АО АКБ ""ГАЗСТРОЙБАНК""",2016-08-12,,other,,
1139,"АКБ ""Русский Трастовый Банк"" (АО)",2016-08-16,,economic,,
2632,БайкалБанк (ПАО),2016-08-18,,economic,,
1928,"ООО КБ ""ГРиС-Банк""",2016-08-18,,aml,,
2813,"АО КБ ""РУБанк""",2016-08-22,,economic,,
1586,"АО КБ ""ТЕТРАПОЛИС""",2016-09-02,,aml,,
3183,"АО ""Азия Банк""",2016-09-07,,other,09c,
720,"ПАО ""Выборг-банк""",2016-09-07,,other,,
2688,"НКО ""Транзит"" ООО",2016-09-07,,other,,
3204,"КБ ""РОСПРОМБАНК"" (ООО)",2016-09-13,,aml,,
2157,"АКБ ""ФИНПРОМБАНК"" (ПАО)",2016-09-19,,economic,,
836,"АО БАНК ""РКБ""",2016-09-19,,aml,,
226,"АО КБ ""РосинтерБанк""",2016-09-19,,economic,,
2983,Центркомбанк ООО,2016-09-26,,aml,,
3065,"Банк ""ВПБ"" (АО)",2016-09-26,,economic,,
1975,"ООО КБ ""АйМаниБанк""",2016-10-05,,economic,,
2729,"ООО КБ ""Развитие""",2016-10-10,,other,,
3288,"ООО КБ ""Финансовый капитал""",2016-10-25,,economic,,
3398,"ООО ""Вестинтербанк""",2016-10-27,,other,,
3048,"ИКБ ""Энтузиастбанк"" ООО",2016-10-27,,aml,,
2898,"КБ ""Кубанский универсальный банк"" (ООО)",2016-10-27,,other,,
2554,"ООО КБ ""Камский горизонт""",2016-11-03,,economic,,
210,"КБ ""Экспресс-кредит"" (АО)",2016-11-16,,economic,,
1639,"КБ ""Метрополь"" ООО",2016-11-18,,other,,
2944,"АКБ ""НЗБанк"", ОАО",2016-11-18,,economic,,
3250,"ИКБ ""ОЛМА-Банк"" (ООО)",2016-11-18,,economic,,
3270,"КБ ""ВЕГА-БАНК"" (ООО)",2016-12-09,,aml,,
2704,"КБ ""Международный Банк Развития"" (АО)",2016-12-09,,economic,,
2035,"ПАО АКБ ""РФА""",2016-12-09,,economic,,
1414,ПАО М2М Прайвет Банк,2016-12-09,,economic,,
3089,"АКБ ""МИРЪ"" (АО)",2016-12-19,,other,,
430,"ПАО ""ИДЕЯ Банк""",2016-12-19,,aml,,
3457,"АО ""ФОРУС Банк""",2016-12-19,,economic,,
992,"АО ""Вологдабанк""",2016-12-19,,economic,,
2543,КБ МКБ (ООО),2016-12-22,,aml,,
3419,"ООО НКО ""Столичная расчетная палата""",2016-12-22,,aml,,
2942,"ООО КБ ""НКБ""",2016-12-29,,aml,,
2472,"АКБ ""БНКВ"" (АО)",2016-12-29,,other,,
1917,"АО ""Булгар банк""",2017-01-16,,false_only,,
826,"ООО ""КБ ""Тальменка-банк""",2017-01-23,,economic,,
3506,"Сибирский Банк ""Сириус"" (ООО)",2017-01-23,,aml,,
840,"ПАО АКБ ""Новация""",2017-01-23,,other,,
474,"АКБ ""ЕНИСЕЙ"" (ПАО)",2017-02-09,,false_only,,
766,"АКБ ""Северо-Западный 1 Альянс Банк"" АО",2017-02-16,,economic,,
889,"""АНКОР БАНК"" (АО)",2017-03-03,,economic,09c,
2705,"ПАО ""ИнтехБанк""",2017-03-03,,economic,,
3058,"ПАО ""Татфондбанк""",2017-03-03,,economic,,
2798,Банк Экономический Союз (АО),2017-03-13,,economic,,
3180,"АО БАНК ""ТГБ""",2017-03-13,,aml,,
2859,"КБ ""НЕФТЯНОЙ АЛЬЯНС"" (ПАО)",2017-03-14,,economic,,
728,"ООО ""ТАТАГРОПРОМБАНК""",2017-04-05,,economic,,
2211,"КБ ""РЭБ"" (АО)",2017-04-10,,economic,,
2938,"""ФИНАРС Банк"" (АО)",2017-04-21,,aml,,
1521,"АКИБ ""ОБРАЗОВАНИЕ"" (АО)",2017-04-21,,economic,,
870,"ООО ""Владпромбанк""",2017-04-28,,aml,09c,
208,"Банк ""СИБЭС"" (АО)",2017-04-28,,aml,09c,
3484,"КБ ""МСБ"" (ООО)",2017-04-28,,economic,09c,
2803,"АКБ ""ИНТЕРКООПБАНК"" (АО)",2017-05-15,,aml,,
2166,"КБ ""Информпрогресс"" (ООО)",2017-05-15,,economic,,
1724,"НКО ПАО ""ИР-Кредит""",2017-05-29,,economic,09c,
2677,РИТЦ Банк (ООО),2017-05-29,,economic,,
2055,Айви Банк (АО),2017-05-29,,other,,
3502,"АО РНКО ""ФБ""",2017-06-19,,aml,,
3430,"АО НКО ""Расчетный Финансовый Дом""",2017-06-19,,aml,,
3181,"ООО КБ ""МНИБ""",2017-07-05,,aml,,
3117,"АКБ ""Легион"" (АО)",2017-07-07,,economic,,
2248,Сталь Банк (ООО),2017-07-10,,other,,
1663,"ПАО ""Банк Премьер Кредит""",2017-07-10,,other,,
2956,"ПАО ""Межтопэнергобанк""",2017-07-20,,economic,,
2207,"АКБ ""Спурт"" (ПАО)",2017-07-21,,economic,,
880,"ПАО БАНК ""ЮГРА""",2017-07-28,,economic,,
456,"АКБ ""Крыловский"" (АО)",2017-08-02,,economic,,
2364,"БАНК ""РЕЗЕРВ"" (АО)",2017-08-09,,other,,
3443,"ООО КБ ""Анелик РУ""",2017-08-09,,aml,,
149,"НКО ""Континент Финанс"" (ПАО)",2017-08-09,,aml,,
3434,"""РИАБАНК"" (АО)",2017-08-17,,economic,,
2768,"АКБ ""СВА"" (АО)",2017-08-21,,other,,
3123,"АО ""РМБ"" БАНК",2017-09-04,,aml,,
3000,"КБ ""Арсенал"" ООО",2017-09-21,,aml,,
55,"ПАО МАБ ""Темпбанк""",2017-10-02,,economic,,
3163,"КБ ""МФБанк"" ООО",2017-10-04,,other,,
3343,"АО НКО ""ПКД""",2017-11-14,,aml,,
3357,"ООО КБ ""Регионфинансбанк""",2017-11-17,,aml,,
3200,"КБ ""ЕВРОСТАНДАРТ"" (ООО)",2017-12-04,,other,,
467,"ООО КБ ""Новопокровский""",2017-12-04,,aml,,
860,"КБ ""Канский"" ООО",2017-12-13,,economic,,
1555,"Банк ""Солидарность"" АО",2017-12-15,,economic,web_2026-10-05,
2398,"АО КБ ""Северный Кредит""",2017-12-29,,economic,,
2388,"АКБ ""АлтайБизнес-Банк"" (АО)",2018-01-19,,other,,
3433,"ООО КБ ""Стар Альянс""",2018-01-25,,aml,,
103,"ООО ""РКБ""",2018-02-02,,aml,09c,
635,"""ПартнерКапиталБанк"" (АО)",2018-02-02,,aml,09c,
1284,Банк СБРР (ООО),2018-02-06,,economic,web_2026-10-05,
2519,"ООО ""УралКапиталБанк""",2018-02-15,,other,09c,
3011,"АКБ ""Мастер-Капитал"" (ОАО)",2018-02-20,,other,,
2491,"ООО КБ ""Алжан""",2018-03-02,,aml,,
3186,"ООО КБ ""Кредит Экспресс""",2018-03-15,,aml,,
3380,"АО ""Телекоммерц Банк""",2018-03-21,,aml,,
2435,"ООО РНКО ""УМУТ""",2018-03-29,,aml,,
3006,"АО ""АК Банк""",2018-03-29,,aml,,
3177,"ООО КБ ""Лайтбанк""",2018-03-29,,economic,web_2026-10-05,
1093,"ПАО Банк ""ВВБ""",2018-04-09,,economic,,
3304,"НКО АО ""ЛИДЕР""",2018-04-13,,aml,,
970,"ООО КБ ""Конфидэнс Банк""",2018-04-13,,aml,,
2270,"ПАО ""ОФК Банк""",2018-04-16,,economic,web_2026-10-05,
2842,"КБ ""РТБК"" (ООО)",2018-04-20,,other,web_2026-10-05,
3233,"ООО ИКБ ""ЛОГОС""",2018-04-20,,aml,,
3139,"АКБ ""Новый Кредитный Союз"" (АО)",2018-04-26,,aml,,
2267,"АО АКБ ""ЭЛЬБИН""",2018-04-26,,aml,,
596,"Банк ""Уссури"" (АО)",2018-05-25,,aml,09c,
1118,"ПАО ""О.К. Банк""",2018-05-25,,other,web_2026-10-05,
1137,"""БУМ-БАНК"", ООО",2018-06-01,,aml,09c,
654,"АО ""Банк Воронеж""",2018-06-15,,other,web_2026-10-05,
2468,"АКБ ""Мосуралбанк"" (АО)",2018-06-22,,false_only,,
3098,"АО КБ ""РУБЛЕВ""",2018-06-27,,economic,web_2026-10-05,
558,"АО Банк ""Советский""",2018-07-03,,economic,web_2026-10-05,
1249,"Банк ""Таатта"" АО",2018-07-05,,economic,web_2026-10-05,
2316,"АО АКБ ""ГАЗБАНК""",2018-07-11,,economic,web_2026-10-05,
3015,"ООО ""ЮРБ""",2018-07-20,,aml,,
1635,"АО ""Тагилбанк""",2018-07-20,,other,,
930,"АО ""Новый Промышленный Банк""",2018-08-03,,aml,,
3447,"РНКО ""ИРЦ"" АО",2018-08-10,,economic,,
2697,"АКБ ""Московский Вексельный Банк"" (АО)",2018-08-17,,other,,
2670,"ООО КБ ""Центрально-Европейский Банк""",2018-08-24,,other,,
2851,К2 Банк (АО),2018-08-31,,other,,
680,"ООО КБ ""Аксонбанк""",2018-09-17,,other,,
1982,"АО КБ ""БТФ""",2018-09-28,,other,,
2655,ООО ПИР Банк,2018-10-12,,aml,,
2731,"АО ""ВостСибтранскомбанк""",2018-10-19,,economic,web_2026-10-05,
3393,"КБ ""РИАЛ-КРЕДИТ"" (ООО)",2018-10-19,,aml,,
3236,"ООО КБ ""СОЮЗНЫЙ""",2018-10-25,,aml,web_2026-10-05,
812,"ПАО ""Уралтрансбанк""",2018-10-25,,economic,,
2696,"АКБ ""ИНКАРОБАНК"" (АО)",2018-10-31,,economic,web_2026-10-05,
197,Банк МБСП (АО),2018-10-31,,economic,web_2026-10-05,
1459,"ООО КБ ""Агросоюз""",2018-11-07,,aml,web_2026-10-05,
1441,"""УМ-Банк"" ООО",2018-11-14,,economic,web_2026-10-05,
518,"Банк ""Первомайский"" (ПАО)",2018-11-23,,economic,web_2026-10-05,
1968,"КБ ""Русский ипотечный банк"" (ООО)",2018-11-23,,economic,web_2026-10-05,
568,"АО КБ ""Златкомбанк""",2018-12-06,,aml,09c,
2285,"ПАО ""Донхлеббанк""",2018-12-21,,economic,web_2026-10-05,
1166,"ПАО НКБ ""РАДИОТЕХБАНК""",2019-01-30,,aml,web_2026-10-05,
3353,"НКО ООО ""АРБ-ИНКАСС""",2019-02-15,,other,,
1398,РОСКОМСНАББАНК (ПАО),2019-03-07,,economic,web_2026-10-05,
3401,"АО ""РТС-Банк""",2019-03-14,,other,,
3028,"ООО КБ ""Международный расчетный банк""",2019-03-28,,aml,,
1763,"АО КБ ""ИВАНОВО""",2019-04-05,,aml,,
608,"АБ ""АСПЕКТ"" (АО)",2019-04-12,,aml,web_2026-10-05,
3431,"АО ""ТРОЙКА-Д БАНК""",2019-04-17,,other,web_2026-10-05,
2837,"ООО КБ ""Холдинвестбанк""",2019-04-26,,aml,,
96,"АО ""Кемсоцинбанк""",2019-05-31,,economic,09c,
1704,"ООО КБ ""Взаимодействие""",2019-06-06,,other,09c,
2758,"Банк ""Прайм Финанс"" (АО)",2019-06-06,,economic,09c,
3420,"АО НКО ""Частный РКЦ""",2019-07-12,,economic,,
3309,"НКО ""21 ВЕК"" (ООО)",2019-07-12,,economic,,
1736,"ООО КБ ""Жилкредит""",2019-07-19,,other,09c,
3480,"ООО ""РАМ Банк""",2019-07-26,,economic,web_2026-10-05,
732,"АО КБ ""Ассоциация""",2019-07-29,,economic,,
1184,"АО ""ГринКомБанк""",2019-09-12,,economic,,
2949,"АО ""Эксперт Банк""",2019-11-01,,aml,,
1280,"АКБ ""ЧУВАШКРЕДИТПРОМБАНК"" ПАО",2019-11-07,,aml,,
1197,"ООО КБ ""Кредитинвест""",2019-11-15,,aml,,
2605,"ООО ""РНКО ""ВЕСТ""",2019-11-22,,aml,,
1165,"АО ""Кредпромбанк""",2019-11-22,,aml,,
1050,"ООО ""Осколбанк""",2019-11-29,,aml,,
2271,"АО ""Кранбанк""",2019-12-13,,aml,,
1068,"ПАО ""Невский банк""",2019-12-13,,economic,,
1671,"ООО КБ ""Нэклис-Банк""",2020-01-10,,economic,web_2026-10-05,
2410,"ПАО КБ ""ПФС-БАНК""",2020-01-17,,aml,,
931,"АО ""НВКбанк""",2020-01-24,,other,,
2404,"АКБ ""АПАБАНК"" (АО)",2020-01-31,,economic,web_2026-10-05,
1309,"АО БАНК ""НБТ""",2020-07-14,,other,,
1926,"ООО КБ ""НЕВАСТРОЙИНВЕСТ""",2020-07-24,,aml,09c,
2764,"АО ""ТЭМБР-БАНК""",2020-10-02,,other,web_2026-10-05,
1673,"ООО ""Банк ""Майский""",2020-10-09,,aml,09c,
874,"Банк ""Прохладный"" ООО",2020-10-09,,other,09c,
1405,"ПАО АРКБ ""Росбизнесбанк""",2020-10-23,,aml,09c,
2524,"КБ ""МКБ"" (АО)",2020-11-13,,economic,web_2026-10-05,
2897,"ООО КБ ""Евроазиатский Инвестиционный Банк""",2020-12-04,,other,09c,
3499,"Коммерческий банк ""ФинТех"" (ООО)",2020-12-11,,aml,09c,
2484,"АО Банк ""Онего""",2020-12-11,,aml,09c,
3530,"ООО РНКО ""Платежный Стандарт""",2020-12-25,,aml,09c,
2063,"АО КБ ""ФорБанк""",2021-03-12,,aml,09c,
3332,"АО НКО ""Сетевая Расчетная Палата""",2021-03-12,,other,09c,
3495,"ООО ""ЮМК банк""",2021-03-19,,aml,09c,
3265,"ООО КБ ""Мегаполис""",2021-03-26,,other,09c,
1136,"АО ""МАЙКОПБАНК""",2021-04-02,,other,09c,
2027,"КБ ""Геобанк"" (ООО)",2021-04-02,,economic,09c,
2749,"ООО РНКО ""РИБ""",2021-04-02,,aml,web_2026-10-05,
2156,"АО ""НЕФТЕПРОМБАНК""",2021-04-09,,economic,web_2026-10-05,
1293,"БАНК ""НЕЙВА"" ООО",2021-04-16,,aml,web_2026-10-05,
3266,"АО КБ ""ИНТЕРПРОМБАНК""",2021-04-16,,economic,web_2026-10-05,
784,"АКБ ""Проинвестбанк"" (АО)",2021-04-23,,other,09c,
3483,НКО Красноярский Краевой Расчетный Центр ООО,2021-05-21,,aml,09c,
1902,"АО РНКО ""Нарат""",2021-05-28,,aml,09c,
1614,"АО ""Заубер Банк""",2021-05-28,,aml,09c,
272,"АКБ ""ИРС"" (АО)",2021-05-28,,other,09c,
52,"ПАО ""Энергомашбанк""",2021-06-09,,economic,web_2026-10-05,
2529,"АО ""АКТИВ БАНК""",2021-06-25,,economic,web_2026-10-05,
3207,"АО ""РУНА-БАНК""",2021-07-23,,aml,web_2026-10-05,
3427,"НКО ""Русское финансовое общество"" (ООО)",2021-07-23,,aml,09c,
1752,"АО ""КС БАНК""",2021-08-06,,other,09c,
2347,"ООО КБ ""ПЛАТИНА""",2021-09-17,,aml,09c,
937,"АО ""ОРБАНК""",2021-10-08,,aml,09c,
1071,"КБ ""Спутник"" (ПАО)",2021-11-01,,economic,09c,
3514,"НКО ""Премиум"" (ООО)",2021-12-17,,aml,09c,
